Ref.No.,fc (MPa),type (规格备注),试件标号,fy (MPa),fcy150,R再生骨料取代率(%),b (mm),h (mm),t (mm),r0 (mm),L (mm),e1 (mm),e2 (mm),Nexp (kN)
"Axial Compression Behavior of the Stiffened Concrete-Filled Thin-Walled High-Strength Square Steel Tube Stub Columns, YANG Youfu; GUO Hongxin, Journal of South China University of Technology (Natural Science Edition), 2021",52.6,cube,N-I,571.2,44.486,0,240,240,3,0,720,0,0,4196.9
"Axial Compression Behavior of the Stiffened Concrete-Filled Thin-Walled High-Strength Square Steel Tube Stub Columns, YANG Youfu; GUO Hongxin, Journal of South China University of Technology (Natural Science Edition), 2021",52.6,cube,SL-I,571.2,44.486,0,240,240,3,0,720,0,0,4204.9
"Axial Compression Behavior of the Stiffened Concrete-Filled Thin-Walled High-Strength Square Steel Tube Stub Columns, YANG Youfu; GUO Hongxin, Journal of South China University of Technology (Natural Science Edition), 2021",52.6,cube,DL-I,571.2,44.486,0,240,240,3,0,720,0,0,4969.7
"Axial Compression Behavior of the Stiffened Concrete-Filled Thin-Walled High-Strength Square Steel Tube Stub Columns, YANG Youfu; GUO Hongxin, Journal of South China University of Technology (Natural Science Edition), 2021",52.6,cube,TL-I,571.2,44.486,0,240,240,3,0,720,0,0,5216.4
"Axial Compression Behavior of the Stiffened Concrete-Filled Thin-Walled High-Strength Square Steel Tube Stub Columns, YANG Youfu; GUO Hongxin, Journal of South China University of Technology (Natural Science Edition), 2021",52.6,cube,BL-I,571.2,44.486,0,240,240,3,0,720,0,0,5390.6
"Axial Compression Behavior of the Stiffened Concrete-Filled Thin-Walled High-Strength Square Steel Tube Stub Columns, YANG Youfu; GUO Hongxin, Journal of South China University of Technology (Natural Science Edition), 2021",52.6,cube,S8-I,571.2,44.486,0,240,240,3,0,720,0,0,4464.4
"Axial Compression Behavior of the Stiffened Concrete-Filled Thin-Walled High-Strength Square Steel Tube Stub Columns, YANG Youfu; GUO Hongxin, Journal of South China University of Technology (Natural Science Edition), 2021",52.6,cube,S10-I,571.2,44.486,0,240,240,3,0,720,0,0,3659.7
"Axial Compression Behavior of the Stiffened Concrete-Filled Thin-Walled High-Strength Square Steel Tube Stub Columns, YANG Youfu; GUO Hongxin, Journal of South China University of Technology (Natural Science Edition), 2021",61,cube,N-II,648.9,52.375,0,240,240,3,0,720,0,0,4891
"Axial Compression Behavior of the Stiffened Concrete-Filled Thin-Walled High-Strength Square Steel Tube Stub Columns, YANG Youfu; GUO Hongxin, Journal of South China University of Technology (Natural Science Edition), 2021",61,cube,SL-II,648.9,52.375,0,240,240,3,0,720,0,0,4955.7
"Axial Compression Behavior of the Stiffened Concrete-Filled Thin-Walled High-Strength Square Steel Tube Stub Columns, YANG Youfu; GUO Hongxin, Journal of South China University of Technology (Natural Science Edition), 2021",61,cube,DL-II,648.9,52.375,0,240,240,3,0,720,0,0,4277.4
"Axial Compression Behavior of the Stiffened Concrete-Filled Thin-Walled High-Strength Square Steel Tube Stub Columns, YANG Youfu; GUO Hongxin, Journal of South China University of Technology (Natural Science Edition), 2021",61,cube,TL-II,648.9,52.375,0,240,240,3,0,720,0,0,5344.5
"Axial Compression Behavior of the Stiffened Concrete-Filled Thin-Walled High-Strength Square Steel Tube Stub Columns, YANG Youfu; GUO Hongxin, Journal of South China University of Technology (Natural Science Edition), 2021",61,cube,BL-II,648.9,52.375,0,240,240,3,0,720,0,0,5242.9
"Axial Compression Behavior of the Stiffened Concrete-Filled Thin-Walled High-Strength Square Steel Tube Stub Columns, YANG Youfu; GUO Hongxin, Journal of South China University of Technology (Natural Science Edition), 2021",61,cube,S8-II,648.9,52.375,0,240,240,3,0,720,0,0,4158.6
"Axial Compression Behavior of the Stiffened Concrete-Filled Thin-Walled High-Strength Square Steel Tube Stub Columns, YANG Youfu; GUO Hongxin, Journal of South China University of Technology (Natural Science Edition), 2021",61,cube,S10-II,648.9,52.375,0,240,240,3,0,720,0,0,5186
"Mechanical behavior of spiral stirrup reinforced concrete filled square steel tubular columns under compression, Zongping Chen; Ji Zhou; Chenggui Jing; Qiuhong Tan, Engineering Structures, 2021",28.3,cube,SAC1,318,22.411,0,200,200,2.64,0,600,0,0,1624
"Mechanical behavior of spiral stirrup reinforced concrete filled square steel tubular columns under compression, Zongping Chen; Ji Zhou; Chenggui Jing; Qiuhong Tan, Engineering Structures, 2021",52.2,cube,SAC2,379,44.113,0,200,200,3.51,0,600,0,0,2850
"Mechanical behavior of spiral stirrup reinforced concrete filled square steel tubular columns under compression, Zongping Chen; Ji Zhou; Chenggui Jing; Qiuhong Tan, Engineering Structures, 2021",28.3,cube,SAC3-1,379,22.411,0,200,200,3.51,0,600,0,0,2055
"Mechanical behavior of spiral stirrup reinforced concrete filled square steel tubular columns under compression, Zongping Chen; Ji Zhou; Chenggui Jing; Qiuhong Tan, Engineering Structures, 2021",28.3,cube,SAC3-2,379,22.411,0,200,200,3.51,0,600,0,0,2054
"Mechanical behavior of spiral stirrup reinforced concrete filled square steel tubular columns under compression, Zongping Chen; Ji Zhou; Chenggui Jing; Qiuhong Tan, Engineering Structures, 2021",52.2,cube,SA1,318,44.113,0,200,200,2.64,0,600,0,0,2938
"Mechanical behavior of spiral stirrup reinforced concrete filled square steel tubular columns under compression, Zongping Chen; Ji Zhou; Chenggui Jing; Qiuhong Tan, Engineering Structures, 2021",52.2,cube,SA2,379,44.113,0,200,200,3.51,0,600,0,0,3396
"Mechanical behavior of spiral stirrup reinforced concrete filled square steel tubular columns under compression, Zongping Chen; Ji Zhou; Chenggui Jing; Qiuhong Tan, Engineering Structures, 2021",52.2,cube,SA3,321,44.113,0,200,200,5.38,0,600,0,0,3821
"Mechanical behavior of spiral stirrup reinforced concrete filled square steel tubular columns under compression, Zongping Chen; Ji Zhou; Chenggui Jing; Qiuhong Tan, Engineering Structures, 2021",28.3,cube,SA4,318,22.411,0,200,200,2.64,0,600,0,0,2301
"Mechanical behavior of spiral stirrup reinforced concrete filled square steel tubular columns under compression, Zongping Chen; Ji Zhou; Chenggui Jing; Qiuhong Tan, Engineering Structures, 2021",28.3,cube,SA5,379,22.411,0,200,200,3.51,0,600,0,0,2526
"Mechanical behavior of spiral stirrup reinforced concrete filled square steel tubular columns under compression, Zongping Chen; Ji Zhou; Chenggui Jing; Qiuhong Tan, Engineering Structures, 2021",28.3,cube,SA6,321,22.411,0,200,200,5.38,0,600,0,0,3022
"Mechanical behavior of spiral stirrup reinforced concrete filled square steel tubular columns under compression, Zongping Chen; Ji Zhou; Chenggui Jing; Qiuhong Tan, Engineering Structures, 2021",28.3,cube,SA7,379,22.411,0,200,200,3.51,0,600,0,0,2272
"Mechanical behavior of spiral stirrup reinforced concrete filled square steel tubular columns under compression, Zongping Chen; Ji Zhou; Chenggui Jing; Qiuhong Tan, Engineering Structures, 2021",28.3,cube,SA8,379,22.411,0,200,200,3.51,0,600,0,0,2320
"Mechanical behavior of spiral stirrup reinforced concrete filled square steel tubular columns under compression, Zongping Chen; Ji Zhou; Chenggui Jing; Qiuhong Tan, Engineering Structures, 2021",28.3,cube,SA9,379,22.411,0,200,200,3.51,0,600,0,0,2505
"Mechanical behavior of spiral stirrup reinforced concrete filled square steel tubular columns under compression, Zongping Chen; Ji Zhou; Chenggui Jing; Qiuhong Tan, Engineering Structures, 2021",28.3,cube,SA10,379,22.411,0,200,200,3.51,0,600,0,0,2893
"Mechanical behavior of spiral stirrup reinforced concrete filled square steel tubular columns under compression, Zongping Chen; Ji Zhou; Chenggui Jing; Qiuhong Tan, Engineering Structures, 2021",28.3,cube,SA11,379,22.411,0,200,200,3.51,0,600,0,0,2743
"Mechanical behavior of spiral stirrup reinforced concrete filled square steel tubular columns under compression, Zongping Chen; Ji Zhou; Chenggui Jing; Qiuhong Tan, Engineering Structures, 2021",28.3,cube,SA12,379,22.411,0,200,200,3.51,0,600,0,0,2502
"Mechanical behavior of spiral stirrup reinforced concrete filled square steel tubular columns under compression, Zongping Chen; Ji Zhou; Chenggui Jing; Qiuhong Tan, Engineering Structures, 2021",28.3,cube,SA13,379,22.411,0,200,200,3.51,0,600,0,0,2391
"Mechanical behavior of spiral stirrup reinforced concrete filled square steel tubular columns under compression, Zongping Chen; Ji Zhou; Chenggui Jing; Qiuhong Tan, Engineering Structures, 2021",28.3,cube,SA14,379,22.411,0,200,200,3.51,0,600,0,0,2262
"Mechanical behavior of spiral stirrup reinforced concrete filled square steel tubular columns under compression, Zongping Chen; Ji Zhou; Chenggui Jing; Qiuhong Tan, Engineering Structures, 2021",28.3,cube,SA15,379,22.411,0,200,200,3.51,0,600,0,0,2320
"Mechanical behavior of spiral stirrup reinforced concrete filled square steel tubular columns under compression, Zongping Chen; Ji Zhou; Chenggui Jing; Qiuhong Tan, Engineering Structures, 2021",28.3,cube,SA16,379,22.411,0,200,200,3.51,0,600,0,0,2788
"Mechanical behavior of spiral stirrup reinforced concrete filled square steel tubular columns under compression, Zongping Chen; Ji Zhou; Chenggui Jing; Qiuhong Tan, Engineering Structures, 2021",28.3,cube,SA17,379,22.411,0,200,200,3.51,0,600,0,0,2963
"Mechanical behavior of spiral stirrup reinforced concrete filled square steel tubular columns under compression, Zongping Chen; Ji Zhou; Chenggui Jing; Qiuhong Tan, Engineering Structures, 2021",28.3,cube,SA18,379,22.411,0,200,200,3.51,0,600,0,0,2867
"Mechanical behavior of spiral stirrup reinforced concrete filled square steel tubular columns under compression, Zongping Chen; Ji Zhou; Chenggui Jing; Qiuhong Tan, Engineering Structures, 2021",28.3,cube,SA19,379,22.411,0,200,200,3.51,0,600,0,0,3134
"Mechanical behavior of spiral stirrup reinforced concrete filled square steel tubular columns under compression, Zongping Chen; Ji Zhou; Chenggui Jing; Qiuhong Tan, Engineering Structures, 2021",28.3,cube,SA20,379,22.411,0,200,200,3.51,0,600,0,0,3187
"Mechanical behavior of spiral stirrup reinforced concrete filled square steel tubular columns under compression, Zongping Chen; Ji Zhou; Chenggui Jing; Qiuhong Tan, Engineering Structures, 2021",28.3,cube,SA21,379,22.411,0,200,200,3.51,0,600,0,0,3086
"Mechanical behavior of spiral stirrup reinforced concrete filled square steel tubular columns under compression, Zongping Chen; Ji Zhou; Chenggui Jing; Qiuhong Tan, Engineering Structures, 2021",28.3,cube,SA22,318,22.411,0,150,150,2.64,0,450,0,0,1842
"Mechanical behavior of spiral stirrup reinforced concrete filled square steel tubular columns under compression, Zongping Chen; Ji Zhou; Chenggui Jing; Qiuhong Tan, Engineering Structures, 2021",28.3,cube,SA23,318,22.411,0,150,150,2.64,0,450,0,0,1583
"Mechanical behavior of spiral stirrup reinforced concrete filled square steel tubular columns under compression, Zongping Chen; Ji Zhou; Chenggui Jing; Qiuhong Tan, Engineering Structures, 2021",28.3,cube,SA24,350,22.411,0,250,250,4.49,0,750,0,0,4305
"Mechanical behavior of spiral stirrup reinforced concrete filled square steel tubular columns under compression, Zongping Chen; Ji Zhou; Chenggui Jing; Qiuhong Tan, Engineering Structures, 2021",28.3,cube,SA25,350,22.411,0,250,250,4.49,0,750,0,0,3840
"Mechanical behavior of spiral stirrup reinforced concrete filled square steel tubular columns under compression, Zongping Chen; Ji Zhou; Chenggui Jing; Qiuhong Tan, Engineering Structures, 2021",28.3,cube,SE1,379,22.411,0,200,200,3.51,0,1600,40,40,1222
"Mechanical behavior of spiral stirrup reinforced concrete filled square steel tubular columns under compression, Zongping Chen; Ji Zhou; Chenggui Jing; Qiuhong Tan, Engineering Structures, 2021",28.3,cube,SE2,379,22.411,0,200,200,3.51,0,1600,40,40,1187
"Mechanical behavior of spiral stirrup reinforced concrete filled square steel tubular columns under compression, Zongping Chen; Ji Zhou; Chenggui Jing; Qiuhong Tan, Engineering Structures, 2021",28.3,cube,SE3,379,22.411,0,200,200,3.51,0,1600,40,40,1145
"Mechanical behavior of spiral stirrup reinforced concrete filled square steel tubular columns under compression, Zongping Chen; Ji Zhou; Chenggui Jing; Qiuhong Tan, Engineering Structures, 2021",28.3,cube,SE4,379,22.411,0,200,200,3.51,0,1600,40,40,1206
"Mechanical behavior of spiral stirrup reinforced concrete filled square steel tubular columns under compression, Zongping Chen; Ji Zhou; Chenggui Jing; Qiuhong Tan, Engineering Structures, 2021",28.3,cube,SE5,379,22.411,0,200,200,3.51,0,1600,40,40,1177
"Mechanical behavior of spiral stirrup reinforced concrete filled square steel tubular columns under compression, Zongping Chen; Ji Zhou; Chenggui Jing; Qiuhong Tan, Engineering Structures, 2021",28.3,cube,SE6,379,22.411,0,200,200,3.51,0,1600,80,80,804
"Mechanical behavior of spiral stirrup reinforced concrete filled square steel tubular columns under compression, Zongping Chen; Ji Zhou; Chenggui Jing; Qiuhong Tan, Engineering Structures, 2021",28.3,cube,SE7,379,22.411,0,200,200,3.51,0,1600,80,80,811
"Mechanical behavior of spiral stirrup reinforced concrete filled square steel tubular columns under compression, Zongping Chen; Ji Zhou; Chenggui Jing; Qiuhong Tan, Engineering Structures, 2021",28.3,cube,SE8,379,22.411,0,200,200,3.51,0,1600,80,80,808
"Mechanical behavior of spiral stirrup reinforced concrete filled square steel tubular columns under compression, Zongping Chen; Ji Zhou; Chenggui Jing; Qiuhong Tan, Engineering Structures, 2021",28.3,cube,SE9,379,22.411,0,200,200,3.51,0,800,40,40,1263
"Mechanical behavior of spiral stirrup reinforced concrete filled square steel tubular columns under compression, Zongping Chen; Ji Zhou; Chenggui Jing; Qiuhong Tan, Engineering Structures, 2021",28.3,cube,SE10,379,22.411,0,200,200,3.51,0,1200,40,40,1214
"Mechanical behavior of spiral stirrup reinforced concrete filled square steel tubular columns under compression, Zongping Chen; Ji Zhou; Chenggui Jing; Qiuhong Tan, Engineering Structures, 2021",28.3,cube,SE11,379,22.411,0,200,200,3.51,0,2000,40,40,1161
"Mechanical behavior of spiral stirrup reinforced concrete filled square steel tubular columns under compression, Zongping Chen; Ji Zhou; Chenggui Jing; Qiuhong Tan, Engineering Structures, 2021",28.3,cube,SE12,379,22.411,0,200,200,3.51,0,1600,60,60,956
"Mechanical behavior of spiral stirrup reinforced concrete filled square steel tubular columns under compression, Zongping Chen; Ji Zhou; Chenggui Jing; Qiuhong Tan, Engineering Structures, 2021",28.3,cube,SE13,379,22.411,0,200,200,3.51,0,1600,80,80,814
"Mechanical behavior of spiral stirrup reinforced concrete filled square steel tubular columns under compression, Zongping Chen; Ji Zhou; Chenggui Jing; Qiuhong Tan, Engineering Structures, 2021",28.3,cube,SE14,379,22.411,0,200,200,3.51,0,1600,100,100,709
"Mechanical behavior of spiral stirrup reinforced concrete filled square steel tubular columns under compression, Zongping Chen; Ji Zhou; Chenggui Jing; Qiuhong Tan, Engineering Structures, 2021",28.3,cube,SE15,379,22.411,0,200,200,3.51,0,1600,120,120,645
"Mechanical behavior of spiral stirrup reinforced concrete filled square steel tubular columns under compression, Zongping Chen; Ji Zhou; Chenggui Jing; Qiuhong Tan, Engineering Structures, 2021",28.3,cube,SE16,379,22.411,0,200,200,3.51,0,1600,40,40,1229
"Mechanical behavior of spiral stirrup reinforced concrete filled square steel tubular columns under compression, Zongping Chen; Ji Zhou; Chenggui Jing; Qiuhong Tan, Engineering Structures, 2021",28.3,cube,SE17,318,22.411,0,200,200,2.64,0,1600,40,40,1002
"Mechanical behavior of spiral stirrup reinforced concrete filled square steel tubular columns under compression, Zongping Chen; Ji Zhou; Chenggui Jing; Qiuhong Tan, Engineering Structures, 2021",28.3,cube,SE18,379,22.411,0,200,200,3.51,0,1600,40,40,1042
"高温后不同截面钢管混凝土轴压构件的实验研究, 姜绍飞; 刘明, Unknown, 2002",20.02,cube,B-20,265.3,15.252,0,120,120,6,0,360,0,0,1090
"高温后不同截面钢管混凝土轴压构件的实验研究, 姜绍飞; 刘明, Unknown, 2002",20.02,cube,B-200,265.3,15.252,0,120,120,6,0,360,0,0,984
"高温后不同截面钢管混凝土轴压构件的实验研究, 姜绍飞; 刘明, Unknown, 2002",20.02,cube,B-300,265.3,15.252,0,120,120,6,0,360,0,0,1008
"高温后不同截面钢管混凝土轴压构件的实验研究, 姜绍飞; 刘明, Unknown, 2002",20.02,cube,B-400,265.3,15.252,0,120,120,6,0,360,0,0,858
"高温后不同截面钢管混凝土轴压构件的实验研究, 姜绍飞; 刘明, Unknown, 2002",20.02,cube,B-500,265.3,15.252,0,120,120,6,0,360,0,0,918
"高温后不同截面钢管混凝土轴压构件的实验研究, 姜绍飞; 刘明, Unknown, 2002",20.02,cube,B-600,265.3,15.252,0,120,120,6,0,360,0,0,897
"高温后不同截面钢管混凝土轴压构件的实验研究, 姜绍飞; 刘明, Unknown, 2002",20.02,cube,B-700,265.3,15.252,0,120,120,6,0,360,0,0,673
"高温后不同截面钢管混凝土轴压构件的实验研究, 姜绍飞; 刘明, Unknown, 2002",20.02,cube,B-800,265.3,15.252,0,120,120,6,0,360,0,0,668
"高温后不同截面钢管混凝土轴压构件的实验研究, 姜绍飞; 刘明, Unknown, 2002",20.02,cube,B-900,265.3,15.252,0,120,120,6,0,360,0,0,541
"高温后不同截面钢管混凝土轴压构件的实验研究, 姜绍飞; 刘明, Unknown, 2002",39.73,cube,C-20,227.7,32.633,0,100,75,2.86,0,300,0,0,637
"高温后不同截面钢管混凝土轴压构件的实验研究, 姜绍飞; 刘明, Unknown, 2002",39.73,cube,C-100,227.7,32.633,0,100,75,2.86,0,300,0,0,578
"高温后不同截面钢管混凝土轴压构件的实验研究, 姜绍飞; 刘明, Unknown, 2002",39.73,cube,C-200,227.7,32.633,0,100,75,2.86,0,300,0,0,530
"高温后不同截面钢管混凝土轴压构件的实验研究, 姜绍飞; 刘明, Unknown, 2002",39.73,cube,C-300,227.7,32.633,0,100,75,2.86,0,300,0,0,491
"高温后不同截面钢管混凝土轴压构件的实验研究, 姜绍飞; 刘明, Unknown, 2002",39.73,cube,C-400-1,227.7,32.633,0,100,75,2.86,0,300,0,0,469
"高温后不同截面钢管混凝土轴压构件的实验研究, 姜绍飞; 刘明, Unknown, 2002",39.73,cube,C-400-2,227.7,32.633,0,100,75,2.86,0,300,0,0,430
"高温后不同截面钢管混凝土轴压构件的实验研究, 姜绍飞; 刘明, Unknown, 2002",39.73,cube,C-500,227.7,32.633,0,100,75,2.86,0,300,0,0,433
"高温后不同截面钢管混凝土轴压构件的实验研究, 姜绍飞; 刘明, Unknown, 2002",39.73,cube,C-600-1,227.7,32.633,0,100,75,2.86,0,300,0,0,365
"高温后不同截面钢管混凝土轴压构件的实验研究, 姜绍飞; 刘明, Unknown, 2002",39.73,cube,C-600-2,227.7,32.633,0,100,75,2.86,0,300,0,0,390
"高温后不同截面钢管混凝土轴压构件的实验研究, 姜绍飞; 刘明, Unknown, 2002",39.73,cube,C-700,227.7,32.633,0,100,75,2.86,0,300,0,0,325
"高温后不同截面钢管混凝土轴压构件的实验研究, 姜绍飞; 刘明, Unknown, 2002",39.73,cube,C-800,227.7,32.633,0,100,75,2.86,0,300,0,0,265
"高温后不同截面钢管混凝土轴压构件的实验研究, 姜绍飞; 刘明, Unknown, 2002",39.73,cube,C-900,227.7,32.633,0,100,75,2.86,0,300,0,0,230
"混凝土密实度对矩形钢管混凝土短柱力学性能影响研究, 杨有福; 韩林海, Unknown, 0",44.4,Cube 150,M-A-1,293.8,36.898,0,120,120,2.93,0,360,0,0,836
"混凝土密实度对矩形钢管混凝土短柱力学性能影响研究, 杨有福; 韩林海, Unknown, 0",44.4,Cube 150,M-A-2,293.8,36.898,0,120,120,2.93,0,360,0,0,868
"混凝土密实度对矩形钢管混凝土短柱力学性能影响研究, 杨有福; 韩林海, Unknown, 0",44.4,Cube 150,H-A-1,293.8,36.898,0,120,120,2.93,0,360,0,0,800
"混凝土密实度对矩形钢管混凝土短柱力学性能影响研究, 杨有福; 韩林海, Unknown, 0",44.4,Cube 150,H-A-2,293.8,36.898,0,120,120,2.93,0,360,0,0,732
"混凝土密实度对矩形钢管混凝土短柱力学性能影响研究, 杨有福; 韩林海, Unknown, 0",44.4,Cube 150,M-B-1,293.8,36.898,0,100,100,2.93,0,300,0,0,664
"混凝土密实度对矩形钢管混凝土短柱力学性能影响研究, 杨有福; 韩林海, Unknown, 0",44.4,Cube 150,M-B-2,293.8,36.898,0,100,100,2.93,0,300,0,0,676
"混凝土密实度对矩形钢管混凝土短柱力学性能影响研究, 杨有福; 韩林海, Unknown, 0",44.4,Cube 150,H-B-1,293.8,36.898,0,100,100,2.93,0,300,0,0,616
"混凝土密实度对矩形钢管混凝土短柱力学性能影响研究, 杨有福; 韩林海, Unknown, 0",44.4,Cube 150,H-B-2,293.8,36.898,0,100,100,2.93,0,300,0,0,636
"混凝土密实度对矩形钢管混凝土短柱力学性能影响研究, 杨有福; 韩林海, Unknown, 0",59.3,Cube 150,M-C-1,227.7,50.77,0,140,105,2.86,0,420,0,0,1044
"混凝土密实度对矩形钢管混凝土短柱力学性能影响研究, 杨有福; 韩林海, Unknown, 0",59.3,Cube 150,M-C-2,227.7,50.77,0,140,105,2.86,0,420,0,0,1086
"混凝土密实度对矩形钢管混凝土短柱力学性能影响研究, 杨有福; 韩林海, Unknown, 0",59.3,Cube 150,H-C-1,227.7,50.77,0,140,105,2.86,0,420,0,0,900
"混凝土密实度对矩形钢管混凝土短柱力学性能影响研究, 杨有福; 韩林海, Unknown, 0",59.3,Cube 150,H-C-2,227.7,50.77,0,140,105,2.86,0,420,0,0,920
"混凝土密实度对矩形钢管混凝土短柱力学性能影响研究, 杨有福; 韩林海, Unknown, 0",59.3,Cube 150,M-D-1,227.7,50.77,0,120,90,2.86,0,360,0,0,800
"混凝土密实度对矩形钢管混凝土短柱力学性能影响研究, 杨有福; 韩林海, Unknown, 0",59.3,Cube 150,M-D-2,227.7,50.77,0,120,90,2.86,0,360,0,0,760
"混凝土密实度对矩形钢管混凝土短柱力学性能影响研究, 杨有福; 韩林海, Unknown, 0",59.3,Cube 150,H-D-1,227.7,50.77,0,120,90,2.86,0,360,0,0,620
"混凝土密实度对矩形钢管混凝土短柱力学性能影响研究, 杨有福; 韩林海, Unknown, 0",59.3,Cube 150,H-D-2,227.7,50.77,0,120,90,2.86,0,360,0,0,520
"Mechanism Study on the Axial Compressive Performance of Short Square CFST Columns with Different Stiffeners, Bing Xu; Fahong Wu; Guizhong Xu, Advances in Civil Engineering, 2018",55.6,cube,SCA-1,464,47.291,0,300,300,4,0,900,0,0,6100
"Mechanism Study on the Axial Compressive Performance of Short Square CFST Columns with Different Stiffeners, Bing Xu; Fahong Wu; Guizhong Xu, Advances in Civil Engineering, 2018",55.6,cube,SCB-1,464,47.291,0,300,300,4,0,900,0,0,7793
"Mechanism Study on the Axial Compressive Performance of Short Square CFST Columns with Different Stiffeners, Bing Xu; Fahong Wu; Guizhong Xu, Advances in Civil Engineering, 2018",55.6,cube,SCC-1,464,47.291,0,300,300,4,0,900,0,0,7088
"Mechanism Study on the Axial Compressive Performance of Short Square CFST Columns with Different Stiffeners, Bing Xu; Fahong Wu; Guizhong Xu, Advances in Civil Engineering, 2018",55.6,cube,SCA-2,414,47.291,0,300,300,3,0,900,0,0,5089
"Mechanism Study on the Axial Compressive Performance of Short Square CFST Columns with Different Stiffeners, Bing Xu; Fahong Wu; Guizhong Xu, Advances in Civil Engineering, 2018",55.6,cube,SCB-2,414,47.291,0,300,300,3,0,900,0,0,6111
"Mechanism Study on the Axial Compressive Performance of Short Square CFST Columns with Different Stiffeners, Bing Xu; Fahong Wu; Guizhong Xu, Advances in Civil Engineering, 2018",55.6,cube,SCC-2,414,47.291,0,300,300,3,0,900,0,0,5969
"Mechanism Study on the Axial Compressive Performance of Short Square CFST Columns with Different Stiffeners, Bing Xu; Fahong Wu; Guizhong Xu, Advances in Civil Engineering, 2018",55.6,cube,SCA-3,414,47.291,0,300,300,8,0,900,0,0,8619
"Mechanism Study on the Axial Compressive Performance of Short Square CFST Columns with Different Stiffeners, Bing Xu; Fahong Wu; Guizhong Xu, Advances in Civil Engineering, 2018",55.6,cube,SCB-3,414,47.291,0,300,300,8,0,900,0,0,10997
"Mechanism Study on the Axial Compressive Performance of Short Square CFST Columns with Different Stiffeners, Bing Xu; Fahong Wu; Guizhong Xu, Advances in Civil Engineering, 2018",55.6,cube,SCC-3,414,47.291,0,300,300,8,0,900,0,0,10096
"Research on Compression Behavior of Square Thin-Walled CFST Columns with Steel-Bar Stiffeners, Zhao Yang; Chengxiang Xu, Unknown, 2018",24.5,cube,C2,243,19.095,0,200,200,2,0,1200,0,0,802
"Research on Compression Behavior of Square Thin-Walled CFST Columns with Steel-Bar Stiffeners, Zhao Yang; Chengxiang Xu, Unknown, 2018",24.5,cube,C3,243,19.095,0,200,200,2,0,1200,0,0,1154.5
"Research on Compression Behavior of Square Thin-Walled CFST Columns with Steel-Bar Stiffeners, Zhao Yang; Chengxiang Xu, Unknown, 2018",24.5,cube,C4,243,19.095,0,200,200,2,0,1200,0,0,1200
"Research on Compression Behavior of Square Thin-Walled CFST Columns with Steel-Bar Stiffeners, Zhao Yang; Chengxiang Xu, Unknown, 2018",24.5,cube,C5,243,19.095,0,200,200,2,0,1200,0,0,1100
"Research on Compression Behavior of Square Thin-Walled CFST Columns with Steel-Bar Stiffeners, Zhao Yang; Chengxiang Xu, Unknown, 2018",24.5,cube,C6,243,19.095,0,200,200,2,0,1200,0,0,1353
"Axial load behavior of square CFT stub column with binding bars, Jian Cai; Zhen-Qiang He, Unknown, 2005",39.82,prism,C2,382.5,39.82,0,300,300,6,0,1500,0,0,6600
"Axial load behavior of square CFT stub column with binding bars, Jian Cai; Zhen-Qiang He, Unknown, 2005",39.82,prism,C3,382.5,39.82,0,300,300,6,0,1500,0,0,8654
"Axial load behavior of square CFT stub column with binding bars, Jian Cai; Zhen-Qiang He, Unknown, 2005",39.82,prism,C4,341.93,39.82,0,300,300,4,0,1500,0,0,5300
"Axial load behavior of square CFT stub column with binding bars, Jian Cai; Zhen-Qiang He, Unknown, 2005",39.82,prism,C5,341.93,39.82,0,300,300,4,0,1500,0,0,6243
"Axial load behavior of square CFT stub column with binding bars, Jian Cai; Zhen-Qiang He, Unknown, 2005",39.82,prism,C6,341.93,39.82,0,300,300,4,0,1500,0,0,7255
"Axial load behavior of square CFT stub column with binding bars, Jian Cai; Zhen-Qiang He, Unknown, 2005",39.82,prism,C7,387.98,39.82,0,300,300,8,0,1500,0,0,5600
"Axial load behavior of square CFT stub column with binding bars, Jian Cai; Zhen-Qiang He, Unknown, 2005",39.82,prism,C8,387.98,39.82,0,300,300,8,0,1500,0,0,7878
"Axial load behavior of square CFT stub column with binding bars, Jian Cai; Zhen-Qiang He, Unknown, 2005",39.82,prism,C9,387.98,39.82,0,300,300,8,0,1500,0,0,8170
"Axial load behavior of square CFT stub column with binding bars, Jian Cai; Zhen-Qiang He, Unknown, 2005",39.82,prism,C10,345.04,39.82,0,300,300,12,0,1500,0,0,6588
"Axial load behavior of square CFT stub column with binding bars, Jian Cai; Zhen-Qiang He, Unknown, 2005",39.82,prism,C11,345.04,39.82,0,300,300,12,0,1500,0,0,8436
"Axial load behavior of square CFT stub column with binding bars, Jian Cai; Zhen-Qiang He, Unknown, 2005",39.82,prism,C12,345.04,39.82,0,300,300,12,0,1500,0,0,9749
"Axial load behavior of square CFT stub column with binding bars, Jian Cai; Zhen-Qiang He, Unknown, 2005",39.82,prism,C13,292.48,39.82,0,300,300,6,0,1500,0,0,4370
"Axial load behavior of square CFT stub column with binding bars, Jian Cai; Zhen-Qiang He, Unknown, 2005",39.82,prism,C14,292.48,39.82,0,300,300,6,0,1500,0,0,6140
"Axial load behavior of square CFT stub column with binding bars, Jian Cai; Zhen-Qiang He, Unknown, 2005",39.82,prism,C15,382.5,39.82,0,300,300,6,0,1500,0,0,7375
"Structural performance of welded built-up square CFST stub columns, Seong-Hui Lee; Young-Hwan Choi; Young-Ho Kim; Sung-Mo Choi, Thin-Walled Structures, 2012",10,cylinder,W300F10-4,414,10,0,300,300,6,0,1050,0,0,4682
"Structural performance of welded built-up square CFST stub columns, Seong-Hui Lee; Young-Hwan Choi; Young-Ho Kim; Sung-Mo Choi, Thin-Walled Structures, 2012",10,cylinder,W350F10-5,414,10,0,350,350,6,0,1225,0,0,5585
"Structural performance of welded built-up square CFST stub columns, Seong-Hui Lee; Young-Hwan Choi; Young-Ho Kim; Sung-Mo Choi, Thin-Walled Structures, 2012",10,cylinder,W400F10-6,414,10,0,400,400,6,0,1400,0,0,6523
"Structural performance of welded built-up square CFST stub columns, Seong-Hui Lee; Young-Hwan Choi; Young-Ho Kim; Sung-Mo Choi, Thin-Walled Structures, 2012",10,cylinder,G300F10-9,414,10,0,300,300,6,0,1050,0,0,3428
"Structural performance of welded built-up square CFST stub columns, Seong-Hui Lee; Young-Hwan Choi; Young-Ho Kim; Sung-Mo Choi, Thin-Walled Structures, 2012",10,cylinder,G400F10-10,414,10,0,400,400,6,0,1400,0,0,4452
"Structural performance of welded built-up square CFST stub columns, Seong-Hui Lee; Young-Hwan Choi; Young-Ho Kim; Sung-Mo Choi, Thin-Walled Structures, 2012",40,cylinder,W300F40-11,369,40,0,300,300,6,0,1050,0,0,7089
"Structural performance of welded built-up square CFST stub columns, Seong-Hui Lee; Young-Hwan Choi; Young-Ho Kim; Sung-Mo Choi, Thin-Walled Structures, 2012",40,cylinder,W350F40-12,369,40,0,350,350,6,0,1225,0,0,8689
"Structural performance of welded built-up square CFST stub columns, Seong-Hui Lee; Young-Hwan Choi; Young-Ho Kim; Sung-Mo Choi, Thin-Walled Structures, 2012",40,cylinder,W400F40-13,369,40,0,400,400,6,0,1400,0,0,9346
"Structural performance of welded built-up square CFST stub columns, Seong-Hui Lee; Young-Hwan Choi; Young-Ho Kim; Sung-Mo Choi, Thin-Walled Structures, 2012",40,cylinder,G300F40-14,369,40,0,300,300,6,0,1050,0,0,6298
"Structural performance of welded built-up square CFST stub columns, Seong-Hui Lee; Young-Hwan Choi; Young-Ho Kim; Sung-Mo Choi, Thin-Walled Structures, 2012",40,cylinder,G400F40-15,369,40,0,400,400,6,0,1400,0,0,8802
"STRENGTH OF CONCRETE FILLED STEEL BOX COLUMNNS INCORPORATING LOCAL BUCKLING, Brian Uy, Journal of Structural Engineering, 2000",50,cylinder,HS1,300,50,0,126,126,3,0,360,0,0,1114
"STRENGTH OF CONCRETE FILLED STEEL BOX COLUMNNS INCORPORATING LOCAL BUCKLING, Brian Uy, Journal of Structural Engineering, 2000",50,cylinder,HS2,300,50,0,126,126,3,0,360,19.98,19.98,996
"STRENGTH OF CONCRETE FILLED STEEL BOX COLUMNNS INCORPORATING LOCAL BUCKLING, Brian Uy, Journal of Structural Engineering, 2000",50,cylinder,HS3,300,50,0,126,126,3,0,360,40.054,40.054,739
"STRENGTH OF CONCRETE FILLED STEEL BOX COLUMNNS INCORPORATING LOCAL BUCKLING, Brian Uy, Journal of Structural Engineering, 2000",50,cylinder,HS4,300,50,0,126,126,3,0,360,50.081,50.081,619
"STRENGTH OF CONCRETE FILLED STEEL BOX COLUMNNS INCORPORATING LOCAL BUCKLING, Brian Uy, Journal of Structural Engineering, 2000",50,cylinder,HS5,300,50,0,126,126,3,0,360,0,0,454
"STRENGTH OF CONCRETE FILLED STEEL BOX COLUMNNS INCORPORATING LOCAL BUCKLING, Brian Uy, Journal of Structural Engineering, 2000",50,cylinder,HS7,300,50,0,156,156,3,0,450,0,0,1708
"STRENGTH OF CONCRETE FILLED STEEL BOX COLUMNNS INCORPORATING LOCAL BUCKLING, Brian Uy, Journal of Structural Engineering, 2000",50,cylinder,HS8,300,50,0,156,156,3,0,450,25.035,25.035,1426
"STRENGTH OF CONCRETE FILLED STEEL BOX COLUMNNS INCORPORATING LOCAL BUCKLING, Brian Uy, Journal of Structural Engineering, 2000",50,cylinder,HS9,300,50,0,156,156,3,0,450,50.042,50.042,1203
"STRENGTH OF CONCRETE FILLED STEEL BOX COLUMNNS INCORPORATING LOCAL BUCKLING, Brian Uy, Journal of Structural Engineering, 2000",50,cylinder,HS10,300,50,0,156,156,3,0,450,59.958,59.958,959
"STRENGTH OF CONCRETE FILLED STEEL BOX COLUMNNS INCORPORATING LOCAL BUCKLING, Brian Uy, Journal of Structural Engineering, 2000",50,cylinder,HS11,300,50,0,156,156,3,0,450,0,0,490
"STRENGTH OF CONCRETE FILLED STEEL BOX COLUMNNS INCORPORATING LOCAL BUCKLING, Brian Uy, Journal of Structural Engineering, 2000",32,cylinder,NS1,300,32,0,186,186,3,0,540,0,0,1555
"STRENGTH OF CONCRETE FILLED STEEL BOX COLUMNNS INCORPORATING LOCAL BUCKLING, Brian Uy, Journal of Structural Engineering, 2000",32,cylinder,NS2,300,32,0,186,186,3,0,540,37.044,37.044,1069
"STRENGTH OF CONCRETE FILLED STEEL BOX COLUMNNS INCORPORATING LOCAL BUCKLING, Brian Uy, Journal of Structural Engineering, 2000",32,cylinder,NS3,300,32,0,186,186,3,0,540,55.958,55.958,1133
"STRENGTH OF CONCRETE FILLED STEEL BOX COLUMNNS INCORPORATING LOCAL BUCKLING, Brian Uy, Journal of Structural Engineering, 2000",32,cylinder,NS4,300,32,0,186,186,3,0,540,84.022,84.022,895
"STRENGTH OF CONCRETE FILLED STEEL BOX COLUMNNS INCORPORATING LOCAL BUCKLING, Brian Uy, Journal of Structural Engineering, 2000",32,cylinder,NS5,300,32,0,186,186,3,0,540,0,0,517
"STRENGTH OF CONCRETE FILLED STEEL BOX COLUMNNS INCORPORATING LOCAL BUCKLING, Brian Uy, Journal of Structural Engineering, 2000",38,cylinder,NS7,300,38,0,246,246,3,0,720,0,0,3095
"STRENGTH OF CONCRETE FILLED STEEL BOX COLUMNNS INCORPORATING LOCAL BUCKLING, Brian Uy, Journal of Structural Engineering, 2000",38,cylinder,NS8,300,38,0,246,246,3,0,720,47.982,47.982,2255
"STRENGTH OF CONCRETE FILLED STEEL BOX COLUMNNS INCORPORATING LOCAL BUCKLING, Brian Uy, Journal of Structural Engineering, 2000",38,cylinder,NS9,300,38,0,246,246,3,0,720,74,74,1900
"STRENGTH OF CONCRETE FILLED STEEL BOX COLUMNNS INCORPORATING LOCAL BUCKLING, Brian Uy, Journal of Structural Engineering, 2000",38,cylinder,NS10,300,38,0,246,246,3,0,720,100,100,1279
"STRENGTH OF CONCRETE FILLED STEEL BOX COLUMNNS INCORPORATING LOCAL BUCKLING, Brian Uy, Journal of Structural Engineering, 2000",38,cylinder,NS11,300,38,0,246,246,3,0,720,0,0,563
"STRENGTH OF CONCRETE FILLED STEEL BOX COLUMNNS INCORPORATING LOCAL BUCKLING, Brian Uy, Journal of Structural Engineering, 2000",38,cylinder,NS13,300,38,0,306,306,3,0,900,0,0,4000
"STRENGTH OF CONCRETE FILLED STEEL BOX COLUMNNS INCORPORATING LOCAL BUCKLING, Brian Uy, Journal of Structural Engineering, 2000",38,cylinder,NS14,300,38,0,306,306,3,0,900,0,0,4253
"STRENGTH OF CONCRETE FILLED STEEL BOX COLUMNNS INCORPORATING LOCAL BUCKLING, Brian Uy, Journal of Structural Engineering, 2000",38,cylinder,NS15,300,38,0,306,306,3,0,900,0,0,4495
"STRENGTH OF CONCRETE FILLED STEEL BOX COLUMNNS INCORPORATING LOCAL BUCKLING, Brian Uy, Journal of Structural Engineering, 2000",38,cylinder,NS16,300,38,0,306,306,3,0,900,0,0,4581
"STRENGTH OF CONCRETE FILLED STEEL BOX COLUMNNS INCORPORATING LOCAL BUCKLING, Brian Uy, Journal of Structural Engineering, 2000",38,cylinder,NS17,300,38,0,306,306,3,0,900,0,0,622
"Experimental behaviour of tapered CFST columns under combined compression and bending, Qing-Xin Ren; Lin-Hai Han; Chao Hou; You-Xing Hua, Unknown, 2016",62.8,cube,sc1-1,389.3,54.08,0,132,132,2.92,0,1386,40,40,736
"Experimental behaviour of tapered CFST columns under combined compression and bending, Qing-Xin Ren; Lin-Hai Han; Chao Hou; You-Xing Hua, Unknown, 2016",62.8,cube,sc1-2,389.3,54.08,0,132,132,2.92,0,1386,40,40,730
"Experimental behaviour of tapered CFST columns under combined compression and bending, Qing-Xin Ren; Lin-Hai Han; Chao Hou; You-Xing Hua, Unknown, 2016",62.8,cube,sc2-1,389.3,54.08,0,160,160,2.92,0,1386,40,40,1046
"Experimental behaviour of tapered CFST columns under combined compression and bending, Qing-Xin Ren; Lin-Hai Han; Chao Hou; You-Xing Hua, Unknown, 2016",62.8,cube,sc2-2,389.3,54.08,0,160,160,2.92,0,1386,40,40,1012
"Experimental behaviour of tapered CFST columns under combined compression and bending, Qing-Xin Ren; Lin-Hai Han; Chao Hou; You-Xing Hua, Unknown, 2016",62.8,cube,sc3-1,389.3,54.08,0,132,132,2.92,0,1386,20,20,1118
"Experimental behaviour of tapered CFST columns under combined compression and bending, Qing-Xin Ren; Lin-Hai Han; Chao Hou; You-Xing Hua, Unknown, 2016",62.8,cube,sc3-2,389.3,54.08,0,132,132,2.92,0,1386,20,20,1121
"Experimental behaviour of tapered CFST columns under combined compression and bending, Qing-Xin Ren; Lin-Hai Han; Chao Hou; You-Xing Hua, Unknown, 2016",62.8,cube,sc4-1,389.3,54.08,0,132,132,2.92,0,1386,0,0,1483
"Experimental behaviour of tapered CFST columns under combined compression and bending, Qing-Xin Ren; Lin-Hai Han; Chao Hou; You-Xing Hua, Unknown, 2016",62.8,cube,sc4-2,389.3,54.08,0,132,132,2.92,0,1386,0,0,1466
"Experimental behaviour of tapered CFST columns under combined compression and bending, Qing-Xin Ren; Lin-Hai Han; Chao Hou; You-Xing Hua, Unknown, 2016",62.8,cube,sc5-1,389.3,54.08,0,105,105,2.92,0,2772,40,40,505
"Experimental behaviour of tapered CFST columns under combined compression and bending, Qing-Xin Ren; Lin-Hai Han; Chao Hou; You-Xing Hua, Unknown, 2016",62.8,cube,sc5-2,389.3,54.08,0,105,105,2.92,0,2772,40,40,490
"Experimental behaviour of tapered CFST columns under combined compression and bending, Qing-Xin Ren; Lin-Hai Han; Chao Hou; You-Xing Hua, Journal of Constructional Steel Research, 2017",62.8,cube,sc1-1,389.3,54.08,0,160,160,2.92,0,1386,40,40,736
"Experimental behaviour of tapered CFST columns under combined compression and bending, Qing-Xin Ren; Lin-Hai Han; Chao Hou; You-Xing Hua, Journal of Constructional Steel Research, 2017",62.8,cube,sc1-2,389.3,54.08,0,160,160,2.92,0,1386,40,40,730
"Experimental behaviour of tapered CFST columns under combined compression and bending, Qing-Xin Ren; Lin-Hai Han; Chao Hou; You-Xing Hua, Journal of Constructional Steel Research, 2017",62.8,cube,sc3-1,389.3,54.08,0,160,160,2.92,0,1386,20,20,1118
"Experimental behaviour of tapered CFST columns under combined compression and bending, Qing-Xin Ren; Lin-Hai Han; Chao Hou; You-Xing Hua, Journal of Constructional Steel Research, 2017",62.8,cube,sc3-2,389.3,54.08,0,160,160,2.92,0,1386,20,20,1121
"Experimental behaviour of tapered CFST columns under combined compression and bending, Qing-Xin Ren; Lin-Hai Han; Chao Hou; You-Xing Hua, Journal of Constructional Steel Research, 2017",62.8,cube,sc4-1,389.3,54.08,0,160,160,2.92,0,1386,0,0,1483
"Experimental behaviour of tapered CFST columns under combined compression and bending, Qing-Xin Ren; Lin-Hai Han; Chao Hou; You-Xing Hua, Journal of Constructional Steel Research, 2017",62.8,cube,sc4-2,389.3,54.08,0,160,160,2.92,0,1386,0,0,1466
"Experimental behaviour of tapered CFST columns under combined compression and bending, Qing-Xin Ren; Lin-Hai Han; Chao Hou; You-Xing Hua, Journal of Constructional Steel Research, 2017",62.8,cube,sc5-1,389.3,54.08,0,160,160,2.92,0,2772,40,40,505
"Experimental behaviour of tapered CFST columns under combined compression and bending, Qing-Xin Ren; Lin-Hai Han; Chao Hou; You-Xing Hua, Journal of Constructional Steel Research, 2017",62.8,cube,sc5-2,389.3,54.08,0,160,160,2.92,0,2772,40,40,490
"Structural behavior of concrete-filled steel tube short columns stiffened by external and internal continuous spirals, Salih K. Alrebeh; Talha Ekmekyapar, Structures, 2019",41,Cylinder 100x200,C-IS-8-7-W,380,39.18,0,114.3,114.3,3.05,57.15,320,0,0,1387.63
"Structural behavior of concrete-filled steel tube short columns stiffened by external and internal continuous spirals, Salih K. Alrebeh; Talha Ekmekyapar, Structures, 2019",41,Cylinder 100x200,C-IS-8-5-W,380,39.18,0,114.3,114.3,3.05,57.15,320,0,0,1220.56
"Structural behavior of concrete-filled steel tube short columns stiffened by external and internal continuous spirals, Salih K. Alrebeh; Talha Ekmekyapar, Structures, 2019",41,Cylinder 100x200,C-IS-8-3-W,380,39.18,0,114.3,114.3,3.05,57.15,320,0,0,1128.69
"Structural behavior of concrete-filled steel tube short columns stiffened by external and internal continuous spirals, Salih K. Alrebeh; Talha Ekmekyapar, Structures, 2019",41,Cylinder 100x200,C-IS-8-7,380,39.18,0,114.3,114.3,3.05,57.15,320,0,0,1400.03
"Structural behavior of concrete-filled steel tube short columns stiffened by external and internal continuous spirals, Salih K. Alrebeh; Talha Ekmekyapar, Structures, 2019",41,Cylinder 100x200,C-IS-8-5,380,39.18,0,114.3,114.3,3.05,57.15,320,0,0,1294.4
"Structural behavior of concrete-filled steel tube short columns stiffened by external and internal continuous spirals, Salih K. Alrebeh; Talha Ekmekyapar, Structures, 2019",41,Cylinder 100x200,C-IS-8-3,380,39.18,0,114.3,114.3,3.05,57.15,320,0,0,1098.21
"Structural behavior of concrete-filled steel tube short columns stiffened by external and internal continuous spirals, Salih K. Alrebeh; Talha Ekmekyapar, Structures, 2019",41,Cylinder 100x200,C-IS-5.6-7,380,39.18,0,114.3,114.3,3.05,57.15,320,0,0,1198.04
"Structural behavior of concrete-filled steel tube short columns stiffened by external and internal continuous spirals, Salih K. Alrebeh; Talha Ekmekyapar, Structures, 2019",41,Cylinder 100x200,C-IS-5.6-5,380,39.18,0,114.3,114.3,3.05,57.15,320,0,0,1103.67
"Structural behavior of concrete-filled steel tube short columns stiffened by external and internal continuous spirals, Salih K. Alrebeh; Talha Ekmekyapar, Structures, 2019",41,Cylinder 100x200,C-IS-5.6-3,380,39.18,0,114.3,114.3,3.05,57.15,320,0,0,1043.12
"Structural behavior of concrete-filled steel tube short columns stiffened by external and internal continuous spirals, Salih K. Alrebeh; Talha Ekmekyapar, Structures, 2019",41,Cylinder 100x200,C-ES-8-7,380,39.18,0,114.3,114.3,3.05,57.15,320,0,0,1361.44
"Structural behavior of concrete-filled steel tube short columns stiffened by external and internal continuous spirals, Salih K. Alrebeh; Talha Ekmekyapar, Structures, 2019",41,Cylinder 100x200,C-ES-8-5,380,39.18,0,114.3,114.3,3.05,57.15,320,0,0,1312.54
"Structural behavior of concrete-filled steel tube short columns stiffened by external and internal continuous spirals, Salih K. Alrebeh; Talha Ekmekyapar, Structures, 2019",41,Cylinder 100x200,C-ES-8-3,380,39.18,0,114.3,114.3,3.05,57.15,320,0,0,1090.9
"Structural behavior of concrete-filled steel tube short columns stiffened by external and internal continuous spirals, Salih K. Alrebeh; Talha Ekmekyapar, Structures, 2019",41,Cylinder 100x200,C-ES-5.6-7,380,39.18,0,114.3,114.3,3.05,57.15,320,0,0,1160.94
"Structural behavior of concrete-filled steel tube short columns stiffened by external and internal continuous spirals, Salih K. Alrebeh; Talha Ekmekyapar, Structures, 2019",41,Cylinder 100x200,C-ES-5.6-5,380,39.18,0,114.3,114.3,3.05,57.15,320,0,0,1069.72
"Structural behavior of concrete-filled steel tube short columns stiffened by external and internal continuous spirals, Salih K. Alrebeh; Talha Ekmekyapar, Structures, 2019",41,Cylinder 100x200,C-ES-5.6-3,380,39.18,0,114.3,114.3,3.05,57.15,320,0,0,1024.68
"Structural behavior of concrete-filled steel tube short columns stiffened by external and internal continuous spirals, Salih K. Alrebeh; Talha Ekmekyapar, Structures, 2019",41,Cylinder 100x200,C-S0,380,39.18,0,114.3,114.3,3.05,57.15,320,0,0,960.87
"高温后不同截面钢管混凝土轴压构件的实验研究, 姜绍飞; 刘明, Unknown, 2002",48.29,cube,A-20,433,40.482,0,133,133,4.5,66.5,399,0,0,1608
"高温后不同截面钢管混凝土轴压构件的实验研究, 姜绍飞; 刘明, Unknown, 2002",48.29,cube,A-200,433,40.482,0,133,133,4.5,66.5,399,0,0,1232
"高温后不同截面钢管混凝土轴压构件的实验研究, 姜绍飞; 刘明, Unknown, 2002",48.29,cube,A-300,433,40.482,0,133,133,4.5,66.5,399,0,0,1337
"高温后不同截面钢管混凝土轴压构件的实验研究, 姜绍飞; 刘明, Unknown, 2002",48.29,cube,A-400,433,40.482,0,133,133,4.5,66.5,399,0,0,1013
"高温后不同截面钢管混凝土轴压构件的实验研究, 姜绍飞; 刘明, Unknown, 2002",48.29,cube,A-500,433,40.482,0,133,133,4.5,66.5,399,0,0,1062
"高温后不同截面钢管混凝土轴压构件的实验研究, 姜绍飞; 刘明, Unknown, 2002",48.29,cube,A-600,433,40.482,0,133,133,4.5,66.5,399,0,0,791
"高温后不同截面钢管混凝土轴压构件的实验研究, 姜绍飞; 刘明, Unknown, 2002",48.29,cube,A-700,433,40.482,0,133,133,4.5,66.5,399,0,0,734
"高温后不同截面钢管混凝土轴压构件的实验研究, 姜绍飞; 刘明, Unknown, 2002",48.29,cube,A-800,433,40.482,0,133,133,4.5,66.5,399,0,0,548
"高温后不同截面钢管混凝土轴压构件的实验研究, 姜绍飞; 刘明, Unknown, 2002",48.29,cube,A-900,433,40.482,0,133,133,4.5,66.5,399,0,0,616
"负载下内填混凝土加固钢管构件轴压性能试验研究, 杜新喜; 蔡宗洋; 程晓燕; 熊亮; 袁焕鑫, 建筑结构学报, 2015",47.5,Cube 150,A1,295,39.752,0,159,159,4,79.5,636,0,0,1450
"负载下内填混凝土加固钢管构件轴压性能试验研究, 杜新喜; 蔡宗洋; 程晓燕; 熊亮; 袁焕鑫, 建筑结构学报, 2015",47.5,Cube 150,A2,295,39.752,0,159,159,4,79.5,636,0,0,1385
"负载下内填混凝土加固钢管构件轴压性能试验研究, 杜新喜; 蔡宗洋; 程晓燕; 熊亮; 袁焕鑫, 建筑结构学报, 2015",47.5,Cube 150,A3,295,39.752,0,159,159,4,79.5,636,0,0,1340
"负载下内填混凝土加固钢管构件轴压性能试验研究, 杜新喜; 蔡宗洋; 程晓燕; 熊亮; 袁焕鑫, 建筑结构学报, 2015",47.5,Cube 150,A4,295,39.752,0,159,159,4,79.5,636,0,0,1425
"负载下内填混凝土加固钢管构件轴压性能试验研究, 杜新喜; 蔡宗洋; 程晓燕; 熊亮; 袁焕鑫, 建筑结构学报, 2015",47.5,Cube 150,A5,295,39.752,0,159,159,4,79.5,636,0,0,1331
"负载下内填混凝土加固钢管构件轴压性能试验研究, 杜新喜; 蔡宗洋; 程晓燕; 熊亮; 袁焕鑫, 建筑结构学报, 2015",47.5,Cube 150,B1,295,39.752,0,159,159,4,79.5,1590,0,0,1305
"负载下内填混凝土加固钢管构件轴压性能试验研究, 杜新喜; 蔡宗洋; 程晓燕; 熊亮; 袁焕鑫, 建筑结构学报, 2015",47.5,Cube 150,B2,295,39.752,0,159,159,4,79.5,1590,0,0,1133
"负载下内填混凝土加固钢管构件轴压性能试验研究, 杜新喜; 蔡宗洋; 程晓燕; 熊亮; 袁焕鑫, 建筑结构学报, 2015",47.5,Cube 150,B3,295,39.752,0,159,159,4,79.5,1590,0,0,945
"负载下内填混凝土加固钢管构件轴压性能试验研究, 杜新喜; 蔡宗洋; 程晓燕; 熊亮; 袁焕鑫, 建筑结构学报, 2015",47.5,Cube 150,B4,295,39.752,0,159,159,4,79.5,1590,0,0,1254
"负载下内填混凝土加固钢管构件轴压性能试验研究, 杜新喜; 蔡宗洋; 程晓燕; 熊亮; 袁焕鑫, 建筑结构学报, 2015",47.5,Cube 150,B5,295,39.752,0,159,159,4,79.5,1590,0,0,971
"负载下内填混凝土加固钢管构件轴压性能试验研究, 杜新喜; 蔡宗洋; 程晓燕; 熊亮; 袁焕鑫, 建筑结构学报, 2015",47.5,Cube 150,C1,295,39.752,0,159,159,4,79.5,2544,0,0,1198
"负载下内填混凝土加固钢管构件轴压性能试验研究, 杜新喜; 蔡宗洋; 程晓燕; 熊亮; 袁焕鑫, 建筑结构学报, 2015",47.5,Cube 150,C2,295,39.752,0,159,159,4,79.5,2544,0,0,1130
"负载下内填混凝土加固钢管构件轴压性能试验研究, 杜新喜; 蔡宗洋; 程晓燕; 熊亮; 袁焕鑫, 建筑结构学报, 2015",47.5,Cube 150,C3,295,39.752,0,159,159,4,79.5,2544,0,0,1140
"负载下内填混凝土加固钢管构件轴压性能试验研究, 杜新喜; 蔡宗洋; 程晓燕; 熊亮; 袁焕鑫, 建筑结构学报, 2015",47.5,Cube 150,C4,295,39.752,0,159,159,4,79.5,2544,0,0,1020
"负载下内填混凝土加固钢管构件轴压性能试验研究, 杜新喜; 蔡宗洋; 程晓燕; 熊亮; 袁焕鑫, 建筑结构学报, 2015",47.5,Cube 150,C5,295,39.752,0,159,159,4,79.5,2544,0,0,948
"脱空钢管混凝土构件力学性能研究, 唐述, Guangzhou University, 2011",56,Cube 150,Seh-0-4,330,47.666,0,168,168,5,84,500,0,0,2000
"脱空钢管混凝土构件力学性能研究, 唐述, Guangzhou University, 2011",56,Cube 150,Seh-20-0,330,47.666,0,168,168,5,84,500,20,20,1610
"脱空钢管混凝土构件力学性能研究, 唐述, Guangzhou University, 2011",56,Cube 150,SehA-20-4,330,47.666,0,168,168,5,84,500,20,20,1410
"脱空钢管混凝土构件力学性能研究, 唐述, Guangzhou University, 2011",56,Cube 150,SehA-20-8,330,47.666,0,168,168,5,84,500,20,20,1300
"脱空钢管混凝土构件力学性能研究, 唐述, Guangzhou University, 2011",56,Cube 150,SehA-20-12,330,47.666,0,168,168,5,84,500,20,20,1260
"脱空钢管混凝土构件力学性能研究, 唐述, Guangzhou University, 2011",56,Cube 150,SehA-20-18,330,47.666,0,168,168,5,84,500,20,20,1200
"脱空钢管混凝土构件力学性能研究, 唐述, Guangzhou University, 2011",56,Cube 150,SehA-20-26,330,47.666,0,168,168,5,84,500,20,20,1130
"脱空钢管混凝土构件力学性能研究, 唐述, Guangzhou University, 2011",56,Cube 150,SehA-40-4,330,47.666,0,168,168,5,84,500,40,40,1080
"脱空钢管混凝土构件力学性能研究, 唐述, Guangzhou University, 2011",56,Cube 150,SehA-60-4,330,47.666,0,168,168,5,84,500,60,60,870
"脱空钢管混凝土构件力学性能研究, 唐述, Guangzhou University, 2011",56,Cube 150,Leh-20-0,330,47.666,0,168,168,5,84,1000,0,0,1320
"脱空钢管混凝土构件力学性能研究, 唐述, Guangzhou University, 2011",56,Cube 150,LehA-20-4,330,47.666,0,168,168,5,84,1000,20,20,1300
"脱空钢管混凝土构件力学性能研究, 唐述, Guangzhou University, 2011",56,Cube 150,LehA-20-8,330,47.666,0,168,168,5,84,1000,20,20,1270
"脱空钢管混凝土构件力学性能研究, 唐述, Guangzhou University, 2011",56,Cube 150,LehA-40-4,330,47.666,0,168,168,5,84,1000,40,40,1010
"Experimental behaviour of tapered CFST columns under combined compression and bending, Qing-Xin Ren; Lin-Hai Han; Chao Hou; You-Xing Hua, Unknown, 2016",62.8,cube,cc1-1,389.3,54.08,0,170,170,2.92,85,1500,40,40,955
"Experimental behaviour of tapered CFST columns under combined compression and bending, Qing-Xin Ren; Lin-Hai Han; Chao Hou; You-Xing Hua, Unknown, 2016",62.8,cube,cc1-2,389.3,54.08,0,170,170,2.92,85,1500,40,40,943
"Experimental behaviour of tapered CFST columns under combined compression and bending, Qing-Xin Ren; Lin-Hai Han; Chao Hou; You-Xing Hua, Unknown, 2016",62.8,cube,cc2-1,389.3,54.08,0,200,200,2.92,100,1500,40,40,1270
"Experimental behaviour of tapered CFST columns under combined compression and bending, Qing-Xin Ren; Lin-Hai Han; Chao Hou; You-Xing Hua, Unknown, 2016",62.8,cube,cc2-2,389.3,54.08,0,200,200,2.92,100,1500,40,40,1264
"Experimental behaviour of tapered CFST columns under combined compression and bending, Qing-Xin Ren; Lin-Hai Han; Chao Hou; You-Xing Hua, Unknown, 2016",62.8,cube,cc3-1,389.3,54.08,0,170,170,2.92,85,1500,20,20,1454
"Experimental behaviour of tapered CFST columns under combined compression and bending, Qing-Xin Ren; Lin-Hai Han; Chao Hou; You-Xing Hua, Unknown, 2016",62.8,cube,cc3-2,389.3,54.08,0,170,170,2.92,85,1500,20,20,1436
"Experimental behaviour of tapered CFST columns under combined compression and bending, Qing-Xin Ren; Lin-Hai Han; Chao Hou; You-Xing Hua, Unknown, 2016",62.8,cube,cc4-1,389.3,54.08,0,170,170,2.92,85,1500,0,0,1932
"Experimental behaviour of tapered CFST columns under combined compression and bending, Qing-Xin Ren; Lin-Hai Han; Chao Hou; You-Xing Hua, Unknown, 2016",62.8,cube,cc4-2,389.3,54.08,0,170,170,2.92,85,1500,0,0,1963
"Experimental behaviour of tapered CFST columns under combined compression and bending, Qing-Xin Ren; Lin-Hai Han; Chao Hou; You-Xing Hua, Unknown, 2016",62.8,cube,cc5-1,389.3,54.08,0,140,140,2.92,70,3000,40,40,500
"Experimental behaviour of tapered CFST columns under combined compression and bending, Qing-Xin Ren; Lin-Hai Han; Chao Hou; You-Xing Hua, Unknown, 2016",62.8,cube,cc5-2,389.3,54.08,0,140,140,2.92,70,3000,40,40,534
"局部腐蚀对圆钢管混凝土压弯构件力学性能影响的研究, 张锐, 华东交通大学硕士学位论文, 2021",58.3,Cube 150x150x150mm,A0_a,340.26,49.828,0,114.67,114.67,3.61,57.335,1400,17,17,507
"局部腐蚀对圆钢管混凝土压弯构件力学性能影响的研究, 张锐, 华东交通大学硕士学位论文, 2021",58.3,Cube 150x150x150mm,A0_b,340.26,49.828,0,114.77,114.77,3.8,57.385,1400,17,17,532
"局部腐蚀对圆钢管混凝土压弯构件力学性能影响的研究, 张锐, 华东交通大学硕士学位论文, 2021",58.3,Cube 150x150x150mm,A0_c,340.26,49.828,0,114.81,114.81,3.68,57.405,1400,17,17,537
"局部腐蚀对圆钢管混凝土压弯构件力学性能影响的研究, 张锐, 华东交通大学硕士学位论文, 2021",58.3,Cube 150x150x150mm,A2_O10_a,340.26,49.828,0,114.67,114.67,3.61,57.335,1400,17,17,496
"局部腐蚀对圆钢管混凝土压弯构件力学性能影响的研究, 张锐, 华东交通大学硕士学位论文, 2021",58.3,Cube 150x150x150mm,A2_O10_b,340.26,49.828,0,114.66,114.66,3.62,57.33,1400,17,17,458
"局部腐蚀对圆钢管混凝土压弯构件力学性能影响的研究, 张锐, 华东交通大学硕士学位论文, 2021",58.3,Cube 150x150x150mm,A2_O20_a,340.26,49.828,0,114.7,114.7,3.66,57.35,1400,17,17,430
"局部腐蚀对圆钢管混凝土压弯构件力学性能影响的研究, 张锐, 华东交通大学硕士学位论文, 2021",58.3,Cube 150x150x150mm,A2_O20_b,340.26,49.828,0,114.78,114.78,3.62,57.39,1400,17,17,432
"局部腐蚀对圆钢管混凝土压弯构件力学性能影响的研究, 张锐, 华东交通大学硕士学位论文, 2021",58.3,Cube 150x150x150mm,A2_O30_a,340.26,49.828,0,114.7,114.7,3.61,57.35,1400,17,17,376
"局部腐蚀对圆钢管混凝土压弯构件力学性能影响的研究, 张锐, 华东交通大学硕士学位论文, 2021",58.3,Cube 150x150x150mm,A2_O35_a,340.26,49.828,0,114.57,114.57,3.62,57.285,1400,17,17,343
"局部腐蚀对圆钢管混凝土压弯构件力学性能影响的研究, 张锐, 华东交通大学硕士学位论文, 2021",58.3,Cube 150x150x150mm,A2_O35_b,340.26,49.828,0,114.63,114.63,3.61,57.315,1400,17,17,335
"局部腐蚀对圆钢管混凝土压弯构件力学性能影响的研究, 张锐, 华东交通大学硕士学位论文, 2021",58.3,Cube 150x150x150mm,A3_O10_a,340.26,49.828,0,114.71,114.71,3.64,57.355,1400,17,17,463
"局部腐蚀对圆钢管混凝土压弯构件力学性能影响的研究, 张锐, 华东交通大学硕士学位论文, 2021",58.3,Cube 150x150x150mm,A3_O10_b,340.26,49.828,0,114.7,114.7,3.61,57.35,1400,17,17,467
"局部腐蚀对圆钢管混凝土压弯构件力学性能影响的研究, 张锐, 华东交通大学硕士学位论文, 2021",58.3,Cube 150x150x150mm,A3_O20_a,340.26,49.828,0,114.66,114.66,3.62,57.33,1400,17,17,418
"局部腐蚀对圆钢管混凝土压弯构件力学性能影响的研究, 张锐, 华东交通大学硕士学位论文, 2021",58.3,Cube 150x150x150mm,A3_O20_b,340.26,49.828,0,114.72,114.72,3.62,57.36,1400,17,17,432
"局部腐蚀对圆钢管混凝土压弯构件力学性能影响的研究, 张锐, 华东交通大学硕士学位论文, 2021",58.3,Cube 150x150x150mm,A3_O25_a,340.26,49.828,0,114.76,114.76,3.66,57.38,1400,17,17,368
"局部腐蚀对圆钢管混凝土压弯构件力学性能影响的研究, 张锐, 华东交通大学硕士学位论文, 2021",58.3,Cube 150x150x150mm,A3_O25_b,340.26,49.828,0,114.71,114.71,3.67,57.355,1400,17,17,326
"局部腐蚀对圆钢管混凝土压弯构件力学性能影响的研究, 张锐, 华东交通大学硕士学位论文, 2021",58.3,Cube 150x150x150mm,A2_B10_a,340.26,49.828,0,114.65,114.65,3.64,57.325,1400,17,17,490
"局部腐蚀对圆钢管混凝土压弯构件力学性能影响的研究, 张锐, 华东交通大学硕士学位论文, 2021",58.3,Cube 150x150x150mm,A2_B10_b,340.26,49.828,0,114.67,114.67,3.63,57.335,1400,17,17,485
"局部腐蚀对圆钢管混凝土压弯构件力学性能影响的研究, 张锐, 华东交通大学硕士学位论文, 2021",58.3,Cube 150x150x150mm,A2_B20_a,340.26,49.828,0,114.6,114.6,3.64,57.3,1400,17,17,435
"局部腐蚀对圆钢管混凝土压弯构件力学性能影响的研究, 张锐, 华东交通大学硕士学位论文, 2021",58.3,Cube 150x150x150mm,A2_B20_b,340.26,49.828,0,114.7,114.7,3.63,57.35,1400,17,17,471
"局部腐蚀对圆钢管混凝土压弯构件力学性能影响的研究, 张锐, 华东交通大学硕士学位论文, 2021",58.3,Cube 150x150x150mm,A2_B30_a,340.26,49.828,0,114.69,114.69,3.66,57.345,1400,17,17,410
"局部腐蚀对圆钢管混凝土压弯构件力学性能影响的研究, 张锐, 华东交通大学硕士学位论文, 2021",58.3,Cube 150x150x150mm,A2_B35_a,340.26,49.828,0,114.79,114.79,3.6,57.395,1400,17,17,400
"局部腐蚀对圆钢管混凝土压弯构件力学性能影响的研究, 张锐, 华东交通大学硕士学位论文, 2021",58.3,Cube 150x150x150mm,A2_B35_b,340.26,49.828,0,114.7,114.7,3.6,57.35,1400,17,17,385
"局部腐蚀对圆钢管混凝土压弯构件力学性能影响的研究, 张锐, 华东交通大学硕士学位论文, 2021",58.3,Cube 150x150x150mm,A3_B10_a,340.26,49.828,0,114.62,114.62,3.61,57.31,1400,17,17,507
"局部腐蚀对圆钢管混凝土压弯构件力学性能影响的研究, 张锐, 华东交通大学硕士学位论文, 2021",58.3,Cube 150x150x150mm,A3_B20_a,340.26,49.828,0,114.65,114.65,3.61,57.325,1400,17,17,442
"局部腐蚀对圆钢管混凝土压弯构件力学性能影响的研究, 张锐, 华东交通大学硕士学位论文, 2021",58.3,Cube 150x150x150mm,A3_B20_b,340.26,49.828,0,114.81,114.81,3.79,57.405,1400,17,17,426
"局部腐蚀对圆钢管混凝土压弯构件力学性能影响的研究, 张锐, 华东交通大学硕士学位论文, 2021",58.3,Cube 150x150x150mm,A3_B25_a,340.26,49.828,0,114.68,114.68,3.6,57.34,1400,17,17,392
"局部腐蚀对圆钢管混凝土压弯构件力学性能影响的研究, 张锐, 华东交通大学硕士学位论文, 2021",58.3,Cube 150x150x150mm,A3_B25_b,340.26,49.828,0,114.69,114.69,3.64,57.345,1400,17,17,376
"局部腐蚀对圆钢管混凝土压弯构件力学性能影响的研究, 张锐, 华东交通大学硕士学位论文, 2021",58.3,Cube 150x150x150mm,A2_M10_a,340.26,49.828,0,114.76,114.76,3.62,57.38,1400,17,17,358
"局部腐蚀对圆钢管混凝土压弯构件力学性能影响的研究, 张锐, 华东交通大学硕士学位论文, 2021",58.3,Cube 150x150x150mm,A2_M10_b,340.26,49.828,0,114.75,114.75,3.62,57.375,1400,17,17,384
"局部腐蚀对圆钢管混凝土压弯构件力学性能影响的研究, 张锐, 华东交通大学硕士学位论文, 2021",58.3,Cube 150x150x150mm,A2_M20_a,340.26,49.828,0,114.34,114.34,3.64,57.17,1400,17,17,393
"局部腐蚀对圆钢管混凝土压弯构件力学性能影响的研究, 张锐, 华东交通大学硕士学位论文, 2021",58.3,Cube 150x150x150mm,A2_M20_b,340.26,49.828,0,114.6,114.6,3.62,57.3,1400,17,17,411
"局部腐蚀对圆钢管混凝土压弯构件力学性能影响的研究, 张锐, 华东交通大学硕士学位论文, 2021",58.3,Cube 150x150x150mm,A2_M30_a,340.26,49.828,0,114.68,114.68,3.65,57.34,1400,17,17,385
"局部腐蚀对圆钢管混凝土压弯构件力学性能影响的研究, 张锐, 华东交通大学硕士学位论文, 2021",58.3,Cube 150x150x150mm,A2_M30_b,340.26,49.828,0,114.77,114.77,3.68,57.385,1400,17,17,356
"局部腐蚀对圆钢管混凝土压弯构件力学性能影响的研究, 张锐, 华东交通大学硕士学位论文, 2021",58.3,Cube 150x150x150mm,A2_M35_a,340.26,49.828,0,114.7,114.7,3.61,57.35,1400,17,17,308
"局部腐蚀对圆钢管混凝土压弯构件力学性能影响的研究, 张锐, 华东交通大学硕士学位论文, 2021",58.3,Cube 150x150x150mm,A2_M35_b,340.26,49.828,0,114.72,114.72,3.62,57.36,1400,17,17,324
"局部腐蚀对圆钢管混凝土压弯构件力学性能影响的研究, 张锐, 华东交通大学硕士学位论文, 2021",58.3,Cube 150x150x150mm,A3_M10_a,340.26,49.828,0,114.69,114.69,3.63,57.345,1400,17,17,402
"局部腐蚀对圆钢管混凝土压弯构件力学性能影响的研究, 张锐, 华东交通大学硕士学位论文, 2021",58.3,Cube 150x150x150mm,A3_M10_b,340.26,49.828,0,114.72,114.72,3.62,57.36,1400,17,17,467
"局部腐蚀对圆钢管混凝土压弯构件力学性能影响的研究, 张锐, 华东交通大学硕士学位论文, 2021",58.3,Cube 150x150x150mm,A3_M20_a,340.26,49.828,0,114.7,114.7,3.62,57.35,1400,17,17,364
"局部腐蚀对圆钢管混凝土压弯构件力学性能影响的研究, 张锐, 华东交通大学硕士学位论文, 2021",58.3,Cube 150x150x150mm,A3_M20_b,340.26,49.828,0,114.7,114.7,3.62,57.35,1400,17,17,374
"局部腐蚀对圆钢管混凝土压弯构件力学性能影响的研究, 张锐, 华东交通大学硕士学位论文, 2021",58.3,Cube 150x150x150mm,A3_M25_a,340.26,49.828,0,114.64,114.64,3.63,57.32,1400,17,17,325
"局部腐蚀对圆钢管混凝土压弯构件力学性能影响的研究, 张锐, 华东交通大学硕士学位论文, 2021",58.3,Cube 150x150x150mm,A3_M25_b,340.26,49.828,0,114.63,114.63,3.6,57.315,1400,17,17,340
"Experimental behaviour of tapered CFST columns under combined compression and bending, Qing-Xin Ren; Lin-Hai Han; Chao Hou; You-Xing Hua, Journal of Constructional Steel Research, 2017",62.8,cube,cc1-1,389.3,54.08,0,200,200,2.92,100,1500,40,40,955
"Experimental behaviour of tapered CFST columns under combined compression and bending, Qing-Xin Ren; Lin-Hai Han; Chao Hou; You-Xing Hua, Journal of Constructional Steel Research, 2017",62.8,cube,cc1-2,389.3,54.08,0,200,200,2.92,100,1500,40,40,943
"Experimental behaviour of tapered CFST columns under combined compression and bending, Qing-Xin Ren; Lin-Hai Han; Chao Hou; You-Xing Hua, Journal of Constructional Steel Research, 2017",62.8,cube,cc3-1,389.3,54.08,0,200,200,2.92,100,1500,20,20,1454
"Experimental behaviour of tapered CFST columns under combined compression and bending, Qing-Xin Ren; Lin-Hai Han; Chao Hou; You-Xing Hua, Journal of Constructional Steel Research, 2017",62.8,cube,cc3-2,389.3,54.08,0,200,200,2.92,100,1500,20,20,1436
"Experimental behaviour of tapered CFST columns under combined compression and bending, Qing-Xin Ren; Lin-Hai Han; Chao Hou; You-Xing Hua, Journal of Constructional Steel Research, 2017",62.8,cube,cc4-1,389.3,54.08,0,200,200,2.92,100,1500,0,0,1932
"Experimental behaviour of tapered CFST columns under combined compression and bending, Qing-Xin Ren; Lin-Hai Han; Chao Hou; You-Xing Hua, Journal of Constructional Steel Research, 2017",62.8,cube,cc4-2,389.3,54.08,0,200,200,2.92,100,1500,0,0,1963
"Experimental behaviour of tapered CFST columns under combined compression and bending, Qing-Xin Ren; Lin-Hai Han; Chao Hou; You-Xing Hua, Journal of Constructional Steel Research, 2017",62.8,cube,cc5-1,389.3,54.08,0,200,200,2.92,100,3000,40,40,500
"Experimental behaviour of tapered CFST columns under combined compression and bending, Qing-Xin Ren; Lin-Hai Han; Chao Hou; You-Xing Hua, Journal of Constructional Steel Research, 2017",62.8,cube,cc5-2,389.3,54.08,0,200,200,2.92,100,3000,40,40,534
"Engineering Structures | Experimental behaviour of concrete-filled double-skin corrugated steel tubes under eccentric compression | Bo Lu, Hua Yang, Yong Fang | 2025",47.8,fck150,C-1.6-0.6-2%-75,306.1,47.8,0,413,413,1.55,206.5,1200,150,150,2099.8
"Engineering Structures | Experimental behaviour of concrete-filled double-skin corrugated steel tubes under eccentric compression | Bo Lu, Hua Yang, Yong Fang | 2025",47.8,fck150,C-1.2-0.6-2%-50,265.1,47.8,0,412.5,412.5,1.13,206.25,1200,100,100,2771.6
"Engineering Structures | Experimental behaviour of concrete-filled double-skin corrugated steel tubes under eccentric compression | Bo Lu, Hua Yang, Yong Fang | 2025",47.8,fck150,C-1.6-0.6-2%-50,306.1,47.8,0,413,413,1.55,206.5,1200,100,100,2895.1
"Engineering Structures | Experimental behaviour of concrete-filled double-skin corrugated steel tubes under eccentric compression | Bo Lu, Hua Yang, Yong Fang | 2025",47.8,fck150,C-1.6-0.6-2%-25,306.1,47.8,0,413,413,1.55,206.5,1200,50,50,3938.1
"Engineering Structures | Experimental behaviour of concrete-filled double-skin corrugated steel tubes under eccentric compression | Bo Lu, Hua Yang, Yong Fang | 2025",47.8,fck150,C-1.6-0.6-1%-50,306.1,47.8,0,413,413,1.55,206.5,1200,100,100,2787.3
"Engineering Structures | Experimental behaviour of concrete-filled double-skin corrugated steel tubes under eccentric compression | Bo Lu, Hua Yang, Yong Fang | 2025",47.8,fck150,C-1.6-0.4-2%-25,306.1,47.8,0,413,413,1.55,206.5,1200,50,50,5197.5
"Engineering Structures | Experimental behaviour of concrete-filled double-skin corrugated steel tubes under eccentric compression | Bo Lu, Hua Yang, Yong Fang | 2025",47.8,fck150,C-1.6-0.6-3%-50,306.1,47.8,0,413,413,1.55,206.5,1200,100,100,3045.9
"Engineering Structures | Experimental behaviour of concrete-filled double-skin corrugated steel tubes under eccentric compression | Bo Lu, Hua Yang, Yong Fang | 2025",47.8,fck150,C-1.6-0.4-2%-50,306.1,47.8,0,413,413,1.55,206.5,1200,100,100,3534.9
"Engineering Structures | Experimental behaviour of concrete-filled double-skin corrugated steel tubes under eccentric compression | Bo Lu, Hua Yang, Yong Fang | 2025",47.8,fck150,C-1.4-0.6-2%-50,347.3,47.8,0,412.4,412.4,1.39,206.2,1200,100,100,2819.5
"Engineering Structures | Experimental behaviour of concrete-filled double-skin corrugated steel tubes under eccentric compression | Bo Lu, Hua Yang, Yong Fang | 2025",47.8,fck150,C-1.6-0.7-2%-50,306.1,47.8,0,413,413,1.55,206.5,1200,100,100,2454.1
"Engineering Structures | Experimental behaviour of concrete-filled double-skin corrugated steel tubes under eccentric compression | Bo Lu, Hua Yang, Yong Fang | 2025",47.8,fck150,C-1.6-0.7-2%-25,306.1,47.8,0,413,413,1.55,206.5,1200,50,50,3368.8
"Journal of Constructional Steel Research | Performance of spirally reinforced high-strength circular CFST column under eccentric compression | Wei-Jie Li, Wei Li | 2024",108.5,fcu150,CE2-1,620.6,98.58686857,0,203,203,4,101.5,600,59.9,59.9,3058.3
"Journal of Constructional Steel Research | Performance of spirally reinforced high-strength circular CFST column under eccentric compression | Wei-Jie Li, Wei Li | 2024",108.5,fcu150,CE3-1,771.7,98.58686857,0,203,203,4,101.5,600,59.9,59.9,2821.2
"Journal of Constructional Steel Research | Performance of spirally reinforced high-strength circular CFST column under eccentric compression | Wei-Jie Li, Wei Li | 2024",108.5,fcu150,CE4-2,771.7,98.58686857,0,203,203,4,101.5,600,59.9,59.9,3132.4
"Journal of Constructional Steel Research | Performance of spirally reinforced high-strength circular CFST column under eccentric compression | Wei-Jie Li, Wei Li | 2024",108.5,fcu150,CE3-2,771.7,98.58686857,0,203,203,4,101.5,600,59.9,59.9,2953.5
"Journal of Constructional Steel Research | Performance of spirally reinforced high-strength circular CFST column under eccentric compression | Wei-Jie Li, Wei Li | 2024",108.5,fcu150,CE2-2,620.6,98.58686857,0,203,203,4,101.5,600,59.9,59.9,2961.3
"Journal of Constructional Steel Research | Performance of spirally reinforced high-strength circular CFST column under eccentric compression | Wei-Jie Li, Wei Li | 2024",108.5,fcu150,CE4-1,771.7,98.58686857,0,203,203,4,101.5,600,59.9,59.9,3214.8
"Journal of Constructional Steel Research | Performance of spirally reinforced high-strength circular CFST column under eccentric compression | Wei-Jie Li, Wei Li | 2024",108.5,fcu150,CE1-2,620.6,98.58686857,0,203,203,4,101.5,600,59.9,59.9,2524.2
"Journal of Constructional Steel Research | Performance of spirally reinforced high-strength circular CFST column under eccentric compression | Wei-Jie Li, Wei Li | 2024",108.5,fcu150,CE1-1,620.6,98.58686857,0,203,203,4,101.5,600,59.9,59.9,2137.1
"Journal of Constructional Steel Research | Axial compressive behavior of high-strength concrete-filled steel tube with multiple confinement effects | Fei Yin, Ji-Wei Si, Ru-Wei Wang, Wan-Lin Cao, Zheng Chen | 2024",76.9,fcu150,CFST-IS-SS,324,67.57464873,0,508,508,9,254,1500,0,0,25460
"Journal of Constructional Steel Research | Axial compressive behavior of high-strength concrete-filled steel tube with multiple confinement effects | Fei Yin, Ji-Wei Si, Ru-Wei Wang, Wan-Lin Cao, Zheng Chen | 2024",76.9,fcu150,CFST-IS,324,67.57464873,0,508,508,9,254,1500,0,0,23410
"Journal of Constructional Steel Research | Axial compressive behavior of high-strength concrete-filled steel tube with multiple confinement effects | Fei Yin, Ji-Wei Si, Ru-Wei Wang, Wan-Lin Cao, Zheng Chen | 2024",76.9,fcu150,CFST-H-L-R,324,67.57464873,0,508,508,9,254,1500,0,0,25490
"Journal of Constructional Steel Research | Axial compressive behavior of high-strength concrete-filled steel tube with multiple confinement effects | Fei Yin, Ji-Wei Si, Ru-Wei Wang, Wan-Lin Cao, Zheng Chen | 2024",76.9,fcu150,CFST-H-L,324,67.57464873,0,508,508,9,254,1500,0,0,20510
"Journal of Constructional Steel Research | Axial compressive behavior of high-strength concrete-filled steel tube with multiple confinement effects | Fei Yin, Ji-Wei Si, Ru-Wei Wang, Wan-Lin Cao, Zheng Chen | 2024",76.9,fcu150,CFST-H,324,67.57464873,0,508,508,9,254,1500,0,0,20270
"Advanced Engineering Sciences | 高强钢管约束自应力混凝土短柱轴压性能试验 (Test on Axial Compression Performance of High-strength Steel Tube Confined Self-stress Concrete Short Column) | ZHENG Yuzhou, CHEN Li, ZHU Xiaolong... | 2022",62,"fcu,150",SC3,554,53.32,0,168,168,12.5,84,400,0,0,6473
"Advanced Engineering Sciences | 高强钢管约束自应力混凝土短柱轴压性能试验 (Test on Axial Compression Performance of High-strength Steel Tube Confined Self-stress Concrete Short Column) | ZHENG Yuzhou, CHEN Li, ZHU Xiaolong... | 2022",84,"fcu,150",SC5,554,74.46,0,168,168,12.5,84,400,0,0,8756
"Advanced Engineering Sciences | 高强钢管约束自应力混凝土短柱轴压性能试验 (Test on Axial Compression Performance of High-strength Steel Tube Confined Self-stress Concrete Short Column) | ZHENG Yuzhou, CHEN Li, ZHU Xiaolong... | 2022",84,"fcu,150",SC6,554,74.46,0,168,168,12.5,84,400,0,0,8714
"Advanced Engineering Sciences | 高强钢管约束自应力混凝土短柱轴压性能试验 (Test on Axial Compression Performance of High-strength Steel Tube Confined Self-stress Concrete Short Column) | ZHENG Yuzhou, CHEN Li, ZHU Xiaolong... | 2022",84,"fcu,150",SC7,554,74.46,0,168,168,9.5,84,400,0,0,7077
"Advanced Engineering Sciences | 高强钢管约束自应力混凝土短柱轴压性能试验 (Test on Axial Compression Performance of High-strength Steel Tube Confined Self-stress Concrete Short Column) | ZHENG Yuzhou, CHEN Li, ZHU Xiaolong... | 2022",84,"fcu,150",SC1,554,74.46,0,168,168,12.5,84,400,0,0,6650
"Advanced Engineering Sciences | 高强钢管约束自应力混凝土短柱轴压性能试验 (Test on Axial Compression Performance of High-strength Steel Tube Confined Self-stress Concrete Short Column) | ZHENG Yuzhou, CHEN Li, ZHU Xiaolong... | 2022",74,"fcu,150",SC2,554,64.78,0,168,168,12.5,84,400,0,0,6628
"桥梁建设 | 纵筋配筋率对配筋钢管混凝土柱受压性能的影响 | 阿里甫江·夏木西, 麦麦提亚森·麦麦提敏, 刘晓蕊 | 2020",26.95,"fcy,100",CF-3,284,26.95,0,219,219,2.75,109.5,600,0,0,2048.4
"桥梁建设 | 纵筋配筋率对配筋钢管混凝土柱受压性能的影响 | 阿里甫江·夏木西, 麦麦提亚森·麦麦提敏, 刘晓蕊 | 2020",26.95,"fcy,100",RF132-1,284,26.95,0,219,219,2.75,109.5,600,0,0,2473.8
"桥梁建设 | 纵筋配筋率对配筋钢管混凝土柱受压性能的影响 | 阿里甫江·夏木西, 麦麦提亚森·麦麦提敏, 刘晓蕊 | 2020",26.95,"fcy,100",RF132-2,284,26.95,0,219,219,2.75,109.5,600,0,0,2473.8
"桥梁建设 | 纵筋配筋率对配筋钢管混凝土柱受压性能的影响 | 阿里甫江·夏木西, 麦麦提亚森·麦麦提敏, 刘晓蕊 | 2020",26.95,"fcy,100",RF258-1,284,26.95,0,219,219,2.75,109.5,600,0,0,2647
"桥梁建设 | 纵筋配筋率对配筋钢管混凝土柱受压性能的影响 | 阿里甫江·夏木西, 麦麦提亚森·麦麦提敏, 刘晓蕊 | 2020",26.95,"fcy,100",RF637-1,284,26.95,0,219,219,2.75,109.5,600,0,0,3165.3
"桥梁建设 | 纵筋配筋率对配筋钢管混凝土柱受压性能的影响 | 阿里甫江·夏木西, 麦麦提亚森·麦麦提敏, 刘晓蕊 | 2020",26.95,"fcy,100",RF427-1,284,26.95,0,219,219,2.75,109.5,600,0,0,2921
"桥梁建设 | 纵筋配筋率对配筋钢管混凝土柱受压性能的影响 | 阿里甫江·夏木西, 麦麦提亚森·麦麦提敏, 刘晓蕊 | 2020",26.95,"fcy,100",RF047-2,284,26.95,0,219,219,2.75,109.5,600,0,0,2173.8
"桥梁建设 | 纵筋配筋率对配筋钢管混凝土柱受压性能的影响 | 阿里甫江·夏木西, 麦麦提亚森·麦麦提敏, 刘晓蕊 | 2020",26.95,"fcy,100",RF258-2,284,26.95,0,219,219,2.75,109.5,600,0,0,2647
"桥梁建设 | 纵筋配筋率对配筋钢管混凝土柱受压性能的影响 | 阿里甫江·夏木西, 麦麦提亚森·麦麦提敏, 刘晓蕊 | 2020",26.95,"fcy,100",RF427-2,284,26.95,0,219,219,2.75,109.5,600,0,0,2921
"桥梁建设 | 纵筋配筋率对配筋钢管混凝土柱受压性能的影响 | 阿里甫江·夏木西, 麦麦提亚森·麦麦提敏, 刘晓蕊 | 2020",26.95,"fcy,100",CF-1,284,26.95,0,219,219,2.75,109.5,600,0,0,2048.4
"桥梁建设 | 纵筋配筋率对配筋钢管混凝土柱受压性能的影响 | 阿里甫江·夏木西, 麦麦提亚森·麦麦提敏, 刘晓蕊 | 2020",26.95,"fcy,100",RF637-2,284,26.95,0,219,219,2.75,109.5,600,0,0,3165.3
"桥梁建设 | 纵筋配筋率对配筋钢管混凝土柱受压性能的影响 | 阿里甫江·夏木西, 麦麦提亚森·麦麦提敏, 刘晓蕊 | 2020",26.95,"fcy,100",RF047-1,284,26.95,0,219,219,2.75,109.5,600,0,0,2173.8
"桥梁建设 | 纵筋配筋率对配筋钢管混凝土柱受压性能的影响 | 阿里甫江·夏木西, 麦麦提亚森·麦麦提敏, 刘晓蕊 | 2020",26.95,"fcy,100",CF-2,284,26.95,0,219,219,2.75,109.5,600,0,0,2048.4
"建筑结构学报 | 内填料石钢管混凝土中长柱轴压性能试验研究 | 谢菁, 叶勇, 刘阳... | 2023",62.3,"fcu,150",t6-s0-1,325,53.61,0,219,219,6,109.5,1200,0,0,3416
"建筑结构学报 | 内填料石钢管混凝土中长柱轴压性能试验研究 | 谢菁, 叶勇, 刘阳... | 2023",62.3,"fcu,150",t6-s100-1,325,53.61,0,219,219,6,109.5,1200,0,0,4433
"建筑结构学报 | 内填料石钢管混凝土中长柱轴压性能试验研究 | 谢菁, 叶勇, 刘阳... | 2023",62.3,"fcu,150",t6-s75-1,325,53.61,0,219,219,6,109.5,1200,0,0,4328
"建筑结构学报 | 内填料石钢管混凝土中长柱轴压性能试验研究 | 谢菁, 叶勇, 刘阳... | 2023",62.3,"fcu,150",t12-s125-2,310,53.61,0,219,219,12,109.5,1200,0,0,5188
"建筑结构学报 | 内填料石钢管混凝土中长柱轴压性能试验研究 | 谢菁, 叶勇, 刘阳... | 2023",62.3,"fcu,150",t12-s100-2,310,53.61,0,219,219,12,109.5,1200,0,0,5926
"建筑结构学报 | 内填料石钢管混凝土中长柱轴压性能试验研究 | 谢菁, 叶勇, 刘阳... | 2023",62.3,"fcu,150",t12-s75-2,310,53.61,0,219,219,12,109.5,1200,0,0,5271
"建筑结构学报 | 内填料石钢管混凝土中长柱轴压性能试验研究 | 谢菁, 叶勇, 刘阳... | 2023",62.3,"fcu,150",t12-s0-2,310,53.61,0,219,219,12,109.5,1200,0,0,4228
"建筑结构学报 | 内填料石钢管混凝土中长柱轴压性能试验研究 | 谢菁, 叶勇, 刘阳... | 2023",62.3,"fcu,150",t8-s125-2,335,53.61,0,219,219,8,109.5,1200,0,0,6157
"建筑结构学报 | 内填料石钢管混凝土中长柱轴压性能试验研究 | 谢菁, 叶勇, 刘阳... | 2023",62.3,"fcu,150",t8-s100-2,335,53.61,0,219,219,8,109.5,1200,0,0,5527
"建筑结构学报 | 内填料石钢管混凝土中长柱轴压性能试验研究 | 谢菁, 叶勇, 刘阳... | 2023",62.3,"fcu,150",t8-s75-2,335,53.61,0,219,219,8,109.5,1200,0,0,4912
"建筑结构学报 | 内填料石钢管混凝土中长柱轴压性能试验研究 | 谢菁, 叶勇, 刘阳... | 2023",62.3,"fcu,150",t8-s0-2,335,53.61,0,219,219,8,109.5,1200,0,0,3939
"建筑结构学报 | 内填料石钢管混凝土中长柱轴压性能试验研究 | 谢菁, 叶勇, 刘阳... | 2023",62.3,"fcu,150",t6-s125-1,325,53.61,0,219,219,6,109.5,1200,0,0,6394
"Journal of Building Engineering | Eccentric loading behavior of square PBL-stiffened double-skin sandwich composite slender columns | Zhongqi Chen, Zhansheng Lin, Zhao Xu... | 2025",39.5,"fcu,150",LACP-30,444,32.42,0,200,100,3,0,1680,30,30,1909
"Journal of Building Engineering | Eccentric loading behavior of square PBL-stiffened double-skin sandwich composite slender columns | Zhongqi Chen, Zhansheng Lin, Zhao Xu... | 2025",39.5,"fcu,150",LACP-10,444,32.42,0,200,100,3,0,1680,10,10,2030
"Journal of Building Engineering | Eccentric loading behavior of square PBL-stiffened double-skin sandwich composite slender columns | Zhongqi Chen, Zhansheng Lin, Zhao Xu... | 2025",39.5,"fcu,150",LAC-30,444,32.42,0,200,100,3,0,1680,30,30,1356
"Journal of Building Engineering | Eccentric loading behavior of square PBL-stiffened double-skin sandwich composite slender columns | Zhongqi Chen, Zhansheng Lin, Zhao Xu... | 2025",39.5,"fcu,150",LACS-30,444,32.42,0,200,100,3,0,1680,30,30,1401
"Journal of Building Engineering | Eccentric loading behavior of square PBL-stiffened double-skin sandwich composite slender columns | Zhongqi Chen, Zhansheng Lin, Zhao Xu... | 2025",39.5,"fcu,150",LBCP-30,444,32.42,0,200,80,3,0,1680,30,30,1919
"Journal of Building Engineering | Eccentric loading behavior of square PBL-stiffened double-skin sandwich composite slender columns | Zhongqi Chen, Zhansheng Lin, Zhao Xu... | 2025",39.5,"fcu,150",LACP-50,444,32.42,0,200,100,3,0,1680,50,50,1466
"Structures | Experimental and theoretical study on the eccentric compression performance of novel L-shaped composite columns composed of HGM-filled square steel tubes | Zhou Yan, Lei Honggang | 2025",62.3,fck100x100x300,EL-C-30-180°,405,59.53410453,0,100,100,4,0,1500,30,30,1882.4
"Structures | Experimental and theoretical study on the eccentric compression performance of novel L-shaped composite columns composed of HGM-filled square steel tubes | Zhou Yan, Lei Honggang | 2025",62.3,fck100x100x300,EL-30-135°,405,59.53410453,0,100,100,4,0,1500,30,30,1089.9
"Structures | Experimental and theoretical study on the eccentric compression performance of novel L-shaped composite columns composed of HGM-filled square steel tubes | Zhou Yan, Lei Honggang | 2025",62.3,fck100x100x300,EL-30-45°,405,59.53410453,0,100,100,4,0,1500,30,30,1058.2
"Structures | Experimental and theoretical study on the eccentric compression performance of novel L-shaped composite columns composed of HGM-filled square steel tubes | Zhou Yan, Lei Honggang | 2025",62.3,fck100x100x300,EL-C-30-45°,405,59.53410453,0,100,100,4,0,1500,30,30,2083.1
"Structures | Experimental and theoretical study on the eccentric compression performance of novel L-shaped composite columns composed of HGM-filled square steel tubes | Zhou Yan, Lei Honggang | 2025",62.3,fck100x100x300,EL-C-30-135°,405,59.53410453,0,100,100,4,0,1500,30,30,2226.7
"Structures | Experimental and theoretical study on the eccentric compression performance of novel L-shaped composite columns composed of HGM-filled square steel tubes | Zhou Yan, Lei Honggang | 2025",62.3,fck100x100x300,EL-C-30-0°,405,59.53410453,0,100,100,4,0,1500,30,30,2020
"Structures | Experimental and theoretical study on the eccentric compression performance of novel L-shaped composite columns composed of HGM-filled square steel tubes | Zhou Yan, Lei Honggang | 2025",62.3,fck100x100x300,EL-30-0°,405,59.53410453,0,100,100,4,0,1500,30,30,1222.9
"Structures | Experimental and theoretical study on the eccentric compression performance of novel L-shaped composite columns composed of HGM-filled square steel tubes | Zhou Yan, Lei Honggang | 2025",62.3,fck100x100x300,EL-C-50-90°,405,59.53410453,0,100,100,4,0,1500,50,50,1999.2
"Structures | Experimental and theoretical study on the eccentric compression performance of novel L-shaped composite columns composed of HGM-filled square steel tubes | Zhou Yan, Lei Honggang | 2025",62.3,fck100x100x300,EL-C-50-0°,405,59.53410453,0,100,100,4,0,1500,50,50,1616.7
"建筑结构学报 | 衬管加劲薄壁方钢管混凝土柱偏压性能及承载力研究 | 王宣鼎, 刘界鹏, 周绪红... | 2024",48.3,"fcu,150",SU-120-42,389,40.49,0,240,240,1.89,0,720,50,50,1794
"建筑结构学报 | 衬管加劲薄壁方钢管混凝土柱偏压性能及承载力研究 | 王宣鼎, 刘界鹏, 周绪红... | 2024",48.3,"fcu,150",SU-160-42,424.7,40.49,0,240,240,1.46,0,720,50,50,1420
"建筑结构学报 | 衬管加劲薄壁方钢管混凝土柱偏压性能及承载力研究 | 王宣鼎, 刘界鹏, 周绪红... | 2024",48.3,"fcu,150",SC-120-21,389,40.49,0,240,240,1.89,0,720,25,25,2856
"建筑结构学报 | 衬管加劲薄壁方钢管混凝土柱偏压性能及承载力研究 | 王宣鼎, 刘界鹏, 周绪红... | 2024",48.3,"fcu,150",SC-120-42,389,40.49,0,240,240,1.89,0,720,50,50,2246
"建筑结构学报 | 衬管加劲薄壁方钢管混凝土柱偏压性能及承载力研究 | 王宣鼎, 刘界鹏, 周绪红... | 2024",48.3,"fcu,150",SC-120-63,389,40.49,0,240,240,1.89,0,720,75,75,1724
"建筑结构学报 | 衬管加劲薄壁方钢管混凝土柱偏压性能及承载力研究 | 王宣鼎, 刘界鹏, 周绪红... | 2024",48.3,"fcu,150",SC-160-42,424.7,40.49,0,240,240,1.46,0,720,50,50,2023
"建筑结构学报 | 衬管加劲薄壁方钢管混凝土柱偏压性能及承载力研究 | 王宣鼎, 刘界鹏, 周绪红... | 2024",48.3,"fcu,150",SO-120-42,389,40.49,0,240,240,1.89,0,720,50,50,2405
"建筑结构学报 | 衬管加劲薄壁方钢管混凝土柱偏压性能及承载力研究 | 王宣鼎, 刘界鹏, 周绪红... | 2024",48.3,"fcu,150",SO-160-42,424.7,40.49,0,240,240,1.46,0,720,50,50,2088
"Advanced Engineering Sciences | 高强钢管约束自应力混凝土短柱轴压性能试验 (Test on Axial Compression Performance of High-strength Steel Tube Confined Self-stress Concrete Short Column) | ZHENG Yuzhou, CHEN Li, ZHU Xiaolong... | 2022",74,"fcu,150",SC4,554,64.78,0,152,152,12.5,0,400,0,0,5684
